iso3,year,energy_per_capita,co2,co2_per_capita,life_expectancy,gdp_per_capita,gini,night_lights,electricity_access_pct,life_exp_female,life_exp_male
ABW,2001,50630.406,2.407,26.652,73.0437,40505.53,,,100.0,75.758,70.251
ABW,2005,62902.625,2.715,28.81,73.4152,40608.82,,,100.0,75.992,70.741
ABW,2010,51563.707,2.506,25.03,74.2973,35508.594,,,93.4,77.57,70.997
ABW,2015,48927.602,0.898,8.615,75.4054,35682.3,,,100.0,78.139,72.496
ABW,2020,42550.438,0.821,7.641,75.4061,28521.69,,,100.0,78.333,72.344
AFE,2001,,,,,,,,19.94427742,54.38783642,51.35162672
AFE,2005,,,,,,,,23.44953936,56.35770501,53.23594008
AFE,2010,,,,,,,,27.41495376,60.71896131,56.90910867
AFE,2015,,,,,,,,33.92227566,64.06347842,59.3596262
AFE,2020,,,,,,,,46.28237095,66.53667158,61.04809282
AFG,2001,179.892,1.069,0.053,55.5113,1454.1108,,,9.3,57.089,53.941
AFG,2005,205.469,1.89,0.077,58.2468,1908.1147,,,28.7,59.588,56.88
AFG,2010,1139.99,8.365,0.296,60.7018,2848.5862,,,42.7,62.283,59.097
AFG,2015,914.926,9.384,0.277,62.2695,2967.6921,,571458.51,71.5,64.178,60.363
AFG,2020,1200.743,11.119,0.285,61.4537,2769.6858,,1131554.0933333333,97.7,64.656,58.455
AFW,2001,,,,,,,,35.32326721,51.58519924,49.76666254
AFW,2005,,,,,,,,37.93591014,53.41158531,51.6946923
AFW,2010,,,,,,,,41.95199031,55.53905768,53.67116984
AFW,2015,,,,,,,,46.86241825,56.99519464,55.09408776
AFW,2020,,,,,,,,51.85604285,58.55368624,56.21916809
AGO,2001,1982.512,15.908,0.95,47.0323,6049.163,,,20.0,50.047,44.162
AGO,2005,1815.01,15.387,0.798,52.1295,7845.89,,,29.4,54.051,50.203
AGO,2010,3278.903,22.983,0.987,57.242,9672.839,,,35.0,59.221,55.253
AGO,2015,3852.957,27.505,0.977,61.042,9980.93,,668603.2033333333,42.0,63.412,58.68
AGO,2020,2281.594,16.549,0.495,63.1164,7556.968,,1588506.465,47.0,65.774,60.509
AIA,2001,,0.084,7.33,75.3965,,,,,,
AIA,2005,,0.11,8.944,76.3362,,,,,,
AIA,2010,,0.128,9.59,77.2078,,,,,,
AIA,2015,,0.136,9.524,77.7411,,,,,,
AIA,2020,,0.136,9.121,78.6562,,,,,,
ALB,2001,6383.81,3.221,1.023,75.083,7232.5757,,,99.4,78.031,72.204
ALB,2005,8044.503,4.261,1.385,76.4266,8963.804,0.30595654,,99.4,79.303,73.663
ALB,2010,7582.763,4.817,1.645,78.4141,11828.375,,,99.6,81.108,75.825
ALB,2015,8292.875,4.712,1.626,78.358,13156.332,0.32753733,80111.8925,100.0,80.451,76.281
ALB,2020,7352.949,4.865,1.694,77.8241,14662.796,0.2941963,118183.55583333333,100.0,80.345,75.429
AND,2001,,0.524,7.954,82.1618,59109.016,,,100.0,85.167,79.778
AND,2005,,0.579,7.476,83.086,65114.805,,,100.0,85.272,81.24
AND,2010,,0.517,6.4,84.1974,58285.06,,,100.0,86.684,82.138
AND,2015,,0.465,6.445,84.5316,62105.152,,,100.0,86.584,82.581
AND,2020,,0.377,4.876,79.4177,55488.492,,,100.0,83.84,75.823
ANT,2001,315762.594,,,,,,,,,
ANT,2005,317213.719,,,,,,,,,
ANT,2010,259121.891,,,,,,,,,
ANT,2015,,,,,,,,,,
ANT,2020,,,,,,,,,,
ARB,2001,,,,,,,,81.35479427,69.16099347,65.43999586
ARB,2005,,,,,,,,83.07676745,70.21297936,66.05879417
ARB,2010,,,,,,,,86.92150259,71.68589887,68.08671636
ARB,2015,,,,,,,,88.66164314,72.81917461,68.74614118
ARB,2020,,,,,,,,90.24177697,72.9544177,68.74608262
ARE,2001,145443.625,101.896,27.365,77.6207,88045.195,,,100.0,79.343,76.768
ARE,2005,151047.375,115.273,24.711,80.779,89986.13,,,100.0,82.222,80.035
ARE,2010,140162.172,185.848,26.786,81.886,68799.93,,,100.0,83.044,81.157
ARE,2015,140995.641,225.045,25.943,82.0759,70234.734,,,100.0,83.328,81.333
ARE,2020,125364.016,215.266,22.783,81.9363,65784.68,,,100.0,83.9,80.797
ARG,2001,18268.309,135.004,3.588,74.1542,21066.459,,,95.5,77.642,70.637
ARG,2005,20306.811,161.728,4.124,75.2306,23262.408,,,96.7,78.632,71.767
ARG,2010,21368.291,186.121,4.508,75.68,28056.258,,,98.8,78.732,72.542
ARG,2015,23230.514,191.809,4.412,76.5995,28669.207,,5280089.625,99.7,79.795,73.367
ARG,2020,19117.844,164.613,3.643,75.8781,23877.094,,7953728.433333334,100.0,78.783,72.981
ARM,2001,8735.948,3.533,1.145,71.1744,5044.1167,0.3536436,,100.0,76.1,70.0
ARM,2005,11044.477,4.376,1.456,72.0822,8362.9,0.35992354,,99.8,76.2,70.1
ARM,2010,11824.479,4.256,1.452,72.9381,10438.564,0.29992583,,99.8,76.4,70.1
ARM,2015,12623.371,5.469,1.872,74.229,13112.76,0.32356772,,100.0,78.2,71.7
ARM,2020,15475.537,6.795,2.351,68.8898,15052.936,0.25131604,,100.0,78.6,68.4
ASM,2001,40271.914,,,71.5734,,,,,74.483,69.041
ASM,2005,43830.316,,,72.3817,,,,,75.125,69.973
ASM,2010,45693.238,,,72.5866,,,,,75.199,70.24
ASM,2015,27274.322,,,72.6543,,,,,75.268,70.294
ASM,2020,27671.668,,,72.6717,,,,,75.682,69.995
ATA,2001,,0.004,,,,,,,,
ATA,2005,,0.007,,,,,,,,
ATA,2010,,0.0,,,,,,,,
ATA,2015,,0.0,,,,,,,,
ATA,2020,,0.0,,,,,,,,
ATG,2001,28096.795,0.374,4.912,75.1082,24014.775,,,97.7,78.592,71.531
ATG,2005,31853.928,0.48,6.028,75.3638,27692.635,,,92.2,78.298,72.236
ATG,2010,33264.762,0.55,6.44,76.7013,25826.61,,,98.7,79.879,73.305
ATG,2015,33951.262,0.579,6.474,76.8924,25734.152,,,100.0,79.973,73.536
ATG,2020,31849.861,0.616,6.701,77.1613,23930.672,,,100.0,79.813,74.157
AUS,2001,67924.57,357.668,18.469,80.006,45338.684,0.33461928,,100.0,82.4,77.0
AUS,2005,69494.445,385.082,18.975,81.0923,49914.516,,,100.0,83.3,78.5
AUS,2010,68145.156,405.026,18.293,82.0132,52589.816,0.34656727,,100.0,84.0,79.5
AUS,2015,66879.445,400.589,16.727,82.605,55691.7,,4067090.6166666667,100.0,84.5,80.4
AUS,2020,61584.387,398.547,15.481,83.6639,57059.742,0.33829018,9755019.033333333,100.0,85.3,81.2
AUT,2001,50557.562,70.191,8.728,78.7184,54098.027,,,100.0,81.7,75.6
AUT,2005,52417.352,79.095,9.612,79.5202,56959.637,0.28715208,,100.0,82.2,76.6
AUT,2010,50395.195,72.0,8.607,80.4634,59803.37,0.30251664,,100.0,83.5,77.8
AUT,2015,45856.562,66.358,7.677,81.1592,61026.0,0.3053083,254057.02000000002,100.0,83.7,78.8
AUT,2020,44852.355,62.18,6.97,81.8037,60349.902,0.29800698,355086.8358333334,100.0,83.6,78.9
AZE,2001,15418.293,28.415,3.444,66.0429,6168.9854,0.36454937,,98.6,68.906,63.024
AZE,2005,19406.004,34.194,3.977,67.7103,10054.101,0.26554906,,99.1,70.712,64.566
AZE,2010,14041.989,27.549,3.012,70.3088,19925.39,,,99.9,73.101,67.324
AZE,2015,17618.113,34.683,3.556,72.3486,20678.754,,248512.78,100.0,75.344,69.126
AZE,2020,18162.854,36.237,3.559,70.3116,19126.098,,300695.0908333333,100.0,73.799,66.846
BDI,2001,177.226,0.205,0.031,48.5094,983.39685,,,2.8,50.868,46.166
BDI,2005,117.999,0.158,0.021,53.0529,938.3816,,,3.2,54.589,51.458
BDI,2010,166.69,0.333,0.036,57.0883,947.6214,,,5.3,58.532,55.599
BDI,2015,166.041,0.355,0.032,60.1068,918.5572,,19823.541666666668,7.9,61.874,58.318
BDI,2020,285.654,0.739,0.059,62.5694,833.9202,0.37456086,36181.09916666667,9.1,64.58,60.545
BEL,2001,71630.398,126.085,12.257,78.0824,50857.824,,,100.0,81.2,74.9
BEL,2005,72156.711,125.658,11.992,79.0532,54370.87,0.2933692,,100.0,81.9,76.2
BEL,2010,69929.398,114.563,10.475,80.04,56265.016,0.2837483,,100.0,83.0,77.5
BEL,2015,58306.895,101.327,8.987,80.8889,57534.4,0.2772931,610006.6308333334,100.0,83.4,78.7
BEL,2020,57530.559,91.255,7.908,80.7977,57358.836,0.2595828,621631.9275,100.0,83.0,78.5
BEN,2001,1053.661,1.689,0.227,56.6542,2591.065,,,21.9,58.249,54.982
BEN,2005,1220.712,2.49,0.295,57.7384,2632.4724,,,26.1,58.903,56.511
BEN,2010,2198.494,4.679,0.478,58.3873,2733.574,,,34.2,59.265,57.466
BEN,2015,2004.121,5.318,0.468,59.1233,2952.0022,0.4760386,65565.17333333334,29.6,60.096,58.123
BEN,2020,2427.176,5.541,0.424,60.154,3317.8596,,176216.995,41.0,61.569,58.734
BES,2001,,0.094,6.49,75.5183,,,,,,
BES,2005,,0.095,5.562,75.868,,,,,,
BES,2010,,0.075,3.655,76.7429,,,,,,
BES,2015,,0.128,5.205,77.7542,,,,,,
BES,2020,,0.132,4.982,77.213,,,,,,
BFA,2001,376.252,1.064,0.087,51.1884,1477.2849,,,9.5,52.609,49.68
BFA,2005,362.96,1.104,0.079,53.271,1664.9955,,,11.1,54.656,51.79
BFA,2010,500.354,1.985,0.123,56.343,1873.9714,,,13.1,57.791,54.79
BFA,2015,823.611,3.744,0.199,58.7777,2101.7026,,151732.00916666668,16.2,60.364,57.087
BFA,2020,936.218,5.618,0.262,60.4536,2380.9316,,387655.85000000003,18.5,62.314,58.504
BGD,2001,1138.044,31.064,0.227,62.8358,2803.5547,,,35.0,63.703,62.077
BGD,2005,1314.626,37.717,0.261,65.5087,3231.6138,0.33201292,,44.2,66.668,64.476
BGD,2010,1649.614,54.036,0.355,68.0091,4125.464,0.3213032,,55.3,69.687,66.521
BGD,2015,2416.201,76.946,0.483,70.5429,5352.7114,,317786.96249999997,74.0,72.597,68.682
BGD,2020,2750.768,95.729,0.576,71.4211,7015.1978,,438625.79000000004,96.2,73.428,69.584
BGR,2001,28324.395,49.02,6.183,71.8788,13301.355,,,88.6,75.2,68.5
BGR,2005,30680.381,50.6,6.576,72.5591,17671.193,,,90.6,76.3,69.0
BGR,2010,28432.93,47.816,6.429,73.814,21715.879,0.35653466,,93.5,77.2,70.0
BGR,2015,31303.598,48.127,6.705,74.6208,24553.145,0.38564378,280604.0916666667,96.6,78.2,71.2
BGR,2020,28177.818,36.571,5.274,73.5992,28545.709,0.40523154,395414.2166666666,99.7,77.3,69.6
BHR,2001,165432.156,19.679,28.115,74.9419,57280.7,,,100.0,76.404,73.86
BHR,2005,160850.422,24.487,26.256,76.1249,53478.266,,,100.0,77.551,75.045
BHR,2010,141967.203,29.143,24.02,78.5933,50704.848,,,100.0,79.733,77.63
BHR,2015,148649.344,32.521,23.744,80.3378,54149.914,,,100.0,81.344,79.54
BHR,2020,152086.828,37.429,25.238,78.6833,53814.246,,,100.0,80.954,77.195
BHS,2001,51185.391,1.946,5.934,72.7654,35072.277,,,100.0,76.121,69.557
BHS,2005,37673.348,1.905,5.54,73.4132,35365.38,,,100.0,76.767,70.189
BHS,2010,36093.746,2.231,6.072,73.4487,32711.377,,,100.0,77.05,69.99
BHS,2015,30665.908,2.231,5.79,73.8047,32777.395,,,100.0,77.443,70.255
BHS,2020,26475.709,2.052,5.183,72.9936,26452.525,,,100.0,76.788,69.35
BIH,2001,12905.526,13.263,3.173,75.5725,7979.8687,0.2996642,,99.4,78.7,71.892
BIH,2005,10346.333,16.046,3.917,76.4243,9811.211,,,99.1,79.816,72.491
BIH,2010,16196.633,21.146,5.548,76.827,12138.83,,,99.5,80.214,72.949
BIH,2015,17474.816,18.46,5.247,77.0733,14219.543,,131768.31916666668,99.7,80.177,73.547
BIH,2020,17237.717,20.832,6.314,76.0395,16746.39,,190830.86833333332,100.0,79.393,72.512
BLM,2001,,,,79.6228,,,,,,
BLM,2005,,,,80.8214,,,,,,
BLM,2010,,,,81.8807,,,,,,
BLM,2015,,,,82.9707,,,,,,
BLM,2020,,,,84.0707,,,,,,
BLR,2001,24945.752,54.105,5.444,68.4351,11771.087,0.30576724,,89.5,74.5,62.8
BLR,2005,29386.893,59.396,6.144,68.9822,16579.873,0.2755341,,91.5,75.1,62.9
BLR,2010,32263.27,62.515,6.587,70.5005,24012.613,0.285666,,94.4,76.5,64.6
BLR,2015,28139.031,58.828,6.201,73.7607,25513.213,0.25633225,390000.0275,97.4,78.9,68.6
BLR,2020,30643.523,59.123,6.323,72.269,26731.496,0.24383356,451740.2925,100.0,77.428,67.101
BLZ,2001,9767.024,0.447,1.8,68.944,11555.907,,,80.2,71.66,66.619
BLZ,2005,8681.511,0.418,1.493,70.3347,12702.742,,,83.5,73.042,68.02
BLZ,2010,9271.979,0.539,1.682,70.8753,11868.438,,,89.9,73.715,68.466
BLZ,2015,8945.273,0.685,1.923,71.6467,12339.48,,,91.8,74.803,68.948
BLZ,2020,8853.263,0.654,1.672,71.5801,10032.545,,,96.8,74.463,69.047
BMU,2001,39937.0,0.528,8.525,78.6366,104560.836,,,100.0,82.443,74.882
BMU,2005,45037.344,0.583,9.287,78.8737,109335.38,,,100.0,83.264,74.658
BMU,2010,51401.484,0.605,9.484,79.4139,105968.875,,,100.0,83.835,75.305
BMU,2015,39511.34,0.542,8.542,80.3378,93859.875,,,100.0,84.543,76.412
BMU,2020,30715.402,0.436,6.77,81.4562,88618.086,,,100.0,85.195,77.823
BOL,2001,3773.171,8.752,1.0,62.5381,6144.9785,0.5736684,,69.3,64.74,60.486
BOL,2005,5535.658,12.337,1.318,64.1822,6579.3125,0.58518565,,68.3,66.523,62.015
BOL,2010,6230.601,14.809,1.454,66.0033,7571.678,,,88.0,68.323,63.846
BOL,2015,7687.732,19.9,1.807,67.2052,9141.929,0.46731645,684608.8483333333,91.5,69.552,65.016
BOL,2020,6695.98,18.32,1.55,62.906,9000.976,0.4364544,1638111.7633333334,97.2,67.126,59.654
BRA,2001,13068.838,346.166,1.963,69.98,14016.132,0.5840288,,96.0,73.4,66.699
BRA,2005,13910.281,364.371,1.973,71.8319,15221.014,0.5631013,,97.1,75.292,68.485
BRA,2010,16462.074,440.269,2.273,73.779,18062.158,,,98.6,77.257,70.392
BRA,2015,17530.332,528.174,2.619,75.1064,18357.068,0.51926535,11410620.5,99.7,78.472,71.818
BRA,2020,16401.881,447.999,2.147,74.5058,17327.516,0.4890203,18681743.75,99.7,77.599,71.537
BRB,2001,26563.289,1.307,4.982,74.7065,18380.26,,,100.0,76.983,72.246
BRB,2005,26796.299,1.429,5.318,74.9602,19488.002,,,99.9,77.184,72.561
BRB,2010,26779.607,1.567,5.692,75.4882,19253.408,,,100.0,77.642,73.163
BRB,2015,24433.844,1.335,4.784,76.0546,18464.664,,,100.0,78.157,73.784
BRB,2020,20007.01,1.256,4.457,76.6465,15749.038,,,100.0,78.649,74.477
BRN,2001,67075.961,5.758,17.273,74.2089,99680.766,,,100.0,76.569,72.248
BRN,2005,94145.398,5.429,15.124,74.6831,99795.69,,,100.0,76.976,72.723
BRN,2010,108143.297,8.017,20.435,74.8195,88586.516,,,100.0,77.082,72.876
BRN,2015,115966.164,6.933,16.421,74.8802,81910.19,,66905.12,100.0,77.124,72.911
BRN,2020,130879.008,11.157,24.937,75.1138,80280.9,,52876.10916666667,100.0,77.35,73.128
BTN,2001,2609.194,0.464,0.759,63.3226,5545.6304,,,40.2,64.891,62.023
BTN,2005,3503.102,0.546,0.825,65.8746,6850.804,,,59.8,67.547,64.503
BTN,2010,5194.699,0.905,1.291,68.7648,9985.284,,,73.3,70.512,67.319
BTN,2015,6218.455,1.434,1.936,70.7971,12400.298,,39090.94583333333,95.4,72.487,69.39
BTN,2020,11799.081,1.214,1.576,72.2531,12979.937,,63496.76500000001,100.0,74.191,70.636
BWA,2001,8774.674,3.847,2.247,52.2104,12949.641,,,24.8,53.957,50.465
BWA,2005,9163.952,4.096,2.226,54.3862,14361.958,,,37.5,56.279,52.487
BWA,2010,9157.837,4.537,2.232,59.1373,14545.02,,,52.0,61.487,56.793
BWA,2015,10640.24,5.418,2.459,63.215,15994.964,0.5490736,221391.85416666666,62.1,65.183,61.209
BWA,2020,9292.724,6.192,2.617,67.6426,16289.392,,719454.5733333332,71.8,70.358,65.04
CAF,2001,336.551,0.143,0.036,46.7338,1272.857,,,5.7,47.716,45.83
CAF,2005,285.684,0.128,0.03,48.207,1219.594,,,7.4,48.979,47.489
CAF,2010,214.198,0.169,0.038,46.8707,1479.4137,,,9.8,49.364,44.487
CAF,2015,246.225,0.194,0.042,51.9338,1043.9218,,291862.2683333333,12.7,54.187,49.682
CAF,2020,278.654,0.333,0.066,50.5959,1136.5706,,759958.9233333333,15.4,54.011,47.219
CAN,2001,114440.68,558.981,17.908,79.4494,48774.168,0.33554783,,100.0,82.0,76.92
CAN,2005,117037.266,570.396,17.583,80.131,52356.56,0.33621806,,100.0,82.52,77.82
CAN,2010,109967.867,554.307,16.209,81.3363,52558.44,0.33592603,,100.0,83.54,79.21
CAN,2015,111824.5,563.003,15.655,81.9084,55660.867,0.33746484,40543797.125,100.0,83.89,79.86
CAN,2020,100465.242,524.208,13.733,81.6536,54092.88,0.29851684,33789998.800000004,100.0,83.84,79.34
CEB,2001,,,,,,,,98.02353797,77.13172411,69.26412768
CEB,2005,,,,,,,,98.32069984,77.95405015,69.9441843
CEB,2010,,,,,,,,98.96442715,79.28340613,71.50566448
CEB,2015,,,,,,,,99.53847099,80.37543718,72.96619033
CEB,2020,,,,,,,,99.98058396,79.90306951,72.32222318
CHE,2001,53848.289,45.085,6.239,80.2511,68008.34,,,100.0,83.1,77.4
CHE,2005,45854.688,45.776,6.159,81.2362,69692.59,,,100.0,83.9,78.7
CHE,2010,45935.48,45.034,5.755,82.2873,74290.266,0.3255303,,100.0,84.5,80.1
CHE,2015,40599.461,38.756,4.678,82.8461,76566.08,0.32306957,212199.1475,100.0,85.1,80.8
CHE,2020,35831.355,34.343,3.975,83.0626,77324.89,0.33737928,247704.07333333333,100.0,85.1,81.0
CHI,2001,,,,,,,,100.0,81.3,76.5
CHI,2005,,,,,,,,100.0,82.3,77.8
CHI,2010,,,,,,,,100.0,83.4,79.0
CHI,2015,,,,,,,,100.0,83.6,79.2
CHI,2020,,,,,,,,100.0,83.2,78.7
CHL,2001,19978.879,52.918,3.374,77.5798,17870.3,,,97.1,80.567,74.491
CHL,2005,21856.557,61.116,3.738,78.4589,20918.527,,,97.7,81.262,75.589
CHL,2010,21182.635,71.347,4.153,79.0954,24116.77,,,99.5,81.536,76.607
CHL,2015,22952.104,81.778,4.531,80.0079,27811.375,0.45343348,1058046.0308333333,99.7,82.297,77.689
CHL,2020,22842.787,80.178,4.139,79.3488,26248.562,0.47004908,1883025.25,100.0,82.031,76.76
CHN,2001,9751.951,3724.114,2.912,72.6755,4372.157,,,97.0,75.287,70.235
CHN,2005,16050.938,5881.991,4.49,74.085,6298.323,0.40900767,,97.9,76.769,71.595
CHN,2010,21497.809,8610.048,6.37,75.6679,10476.3125,0.43744954,,99.7,78.329,73.191
CHN,2015,25166.629,9858.04,7.061,76.9755,14856.78,0.38595304,21264670.666666668,100.0,79.785,74.365
CHN,2020,29095.936,10896.521,7.641,78.0191,19215.154,0.37090832,35071923.5,100.0,80.999,75.245
CIV,2001,1804.477,7.653,0.421,51.4284,4609.1445,,,49.7,52.495,50.432
CIV,2005,1768.742,7.568,0.377,52.4324,4032.2458,,,58.9,53.601,51.356
CIV,2010,1568.47,6.225,0.277,55.282,4338.6523,,,58.4,56.912,53.814
CIV,2015,1909.73,9.555,0.378,58.2807,5110.8623,0.4146846,314278.13416666666,62.6,60.022,56.731
CIV,2020,1926.7,11.019,0.381,60.1397,5787.8154,,674098.2716666666,69.9,62.336,58.242
CMR,2001,1092.555,5.562,0.363,53.5983,3884.873,0.42136794,,46.2,54.724,52.451
CMR,2005,1051.857,5.424,0.318,54.9042,4199.7227,,,47.2,56.045,53.746
CMR,2010,1516.108,8.383,0.426,56.9652,4286.583,,,52.8,58.487,55.444
CMR,2015,1584.329,9.85,0.433,59.6866,4698.667,,257205.69999999998,58.6,61.658,57.764
CMR,2020,1442.476,9.716,0.371,61.6738,4763.482,,528389.6833333333,64.3,63.976,59.465
COD,2001,172.269,1.647,0.032,52.2054,841.03564,,,7.1,54.127,50.306
COD,2005,229.068,2.287,0.039,54.0014,918.53485,,,6.0,55.631,52.371
COD,2010,238.127,2.735,0.04,56.4111,1031.2501,,,13.0,57.994,54.827
COD,2015,285.715,3.274,0.04,58.6576,1267.9055,,1165710.1633333333,16.6,60.397,56.931
COD,2020,303.35,4.305,0.045,60.4283,1277.6328,0.4467324,2517390.8925,20.1,62.535,58.373
COG,2001,1252.25,4.178,1.277,55.8849,7567.439,,,30.3,56.441,55.283
COG,2005,1755.258,4.352,1.177,58.7302,7876.118,0.47329873,,33.8,59.378,58.045
COG,2010,4258.174,5.5,1.233,61.7311,8583.662,,,40.0,62.868,60.593
COG,2015,5433.593,5.637,1.106,63.6622,8977.707,,214281.55333333334,44.3,65.133,62.222
COG,2020,2075.094,7.677,1.335,64.3907,6350.5093,,483530.54833333334,48.7,66.161,62.689
COK,2001,17161.758,0.055,3.602,70.0852,,,,,,
COK,2005,23453.707,0.059,3.869,71.1716,,,,,,
COK,2010,21121.791,0.07,4.095,72.7522,,,,,,
COK,2015,23891.668,0.077,4.404,74.0178,,,,,,
COK,2020,21072.932,0.066,4.21,74.5139,,,,,,
COL,2001,7979.627,56.465,1.422,71.1853,10823.45,0.57319844,,98.5,75.526,67.072
COL,2005,7935.201,60.256,1.43,73.1557,11999.255,0.5390761,,96.8,76.837,69.573
COL,2010,9482.512,75.431,1.685,74.8757,14037.064,0.5461634,,96.8,78.189,71.617
COL,2015,10738.832,91.027,1.938,76.0665,16821.38,0.509826,1338189.0716666665,98.2,78.988,73.172
COL,2020,10227.399,92.305,1.823,74.7565,15861.5,0.5348644,2106712.6999999997,99.7,78.23,71.49
COM,2001,828.807,0.106,0.194,59.5867,2414.43,,,42.0,61.261,58.053
COM,2005,1030.811,0.143,0.241,60.8827,2441.1357,,,51.0,62.566,59.309
COM,2010,1062.034,0.161,0.246,62.7473,2652.3555,,,69.7,64.437,61.156
COM,2015,1036.738,0.18,0.247,64.4727,3105.593,,,74.1,66.349,62.721
COM,2020,1334.634,0.37,0.461,65.7559,3424.5398,,,85.6,68.0,63.725
CPV,2001,3278.061,0.348,0.756,68.7073,4540.907,0.5249523,,60.3,72.705,64.467
CPV,2005,5752.394,0.447,0.921,70.9365,5565.7695,,,67.0,74.63,66.98
CPV,2010,6675.351,0.557,1.092,72.5066,7072.1216,,,81.1,76.124,68.712
CPV,2015,7165.588,0.495,0.965,74.0963,7560.1367,0.42381087,,86.4,77.616,70.444
CPV,2020,5225.029,0.52,1.011,73.8177,7207.8687,,,93.7,78.007,69.775
CRI,2001,7386.59,5.638,1.406,77.609,14250.463,0.5150596,,98.2,80.2,75.009
CRI,2005,8036.24,6.66,1.563,78.8766,15703.963,0.47510257,,99.1,81.407,76.29
CRI,2010,8397.728,7.461,1.638,79.354,18660.92,0.4804304,,99.0,82.039,76.628
CRI,2015,8542.585,7.353,1.526,80.4069,21254.783,0.4837395,165573.31833333333,99.4,83.28,77.516
CRI,2020,8050.602,6.754,1.342,79.7252,22211.861,0.49245045,203902.28416666668,99.9,82.754,76.769
CSS,2001,,,,,,,,90.48553367,71.66686312,65.8043628
CSS,2005,,,,,,,,90.81578748,72.71548651,66.70106223
CSS,2010,,,,,,,,94.18151246,74.18522915,67.99717549
CSS,2015,,,,,,,,96.20019485,75.11248854,68.77389507
CSS,2020,,,,,,,,97.93336269,75.48579576,68.61472189
CUB,2001,9057.561,24.681,2.215,76.4287,,,,96.2,78.587,74.39
CUB,2005,9173.916,25.706,2.282,77.5401,,,,96.8,79.819,75.382
CUB,2010,11787.603,33.042,2.925,77.8757,,,,97.8,79.885,75.921
CUB,2015,11314.978,29.091,2.58,77.7453,,,,99.0,79.986,75.573
CUB,2020,7528.708,21.281,1.904,77.4075,,,,99.9,79.939,74.968
CUW,2001,,5.055,34.922,73.3602,35339.062,,,99.9,76.306,70.202
CUW,2005,,5.071,33.514,73.8731,33651.504,,,99.7,76.907,70.606
CUW,2010,,4.034,25.713,75.1167,33004.555,,,100.0,78.368,71.611
CUW,2015,,7.332,44.002,76.4823,30861.32,,,100.0,80.337,72.373
CUW,2020,,2.008,10.852,76.5011,23751.498,,,100.0,80.606,72.164
CXR,2001,,0.0,,,,,,,,
CXR,2005,,0.0,,,,,,,,
CXR,2010,,0.0,,,,,,,,
CXR,2015,,0.0,,,,,,,,
CXR,2020,,0.0,,,,,,,,
CYM,2001,51357.527,,,74.5295,,,,100.0,77.284,71.922
CYM,2005,46077.723,,,74.8632,,,,100.0,77.618,72.26
CYM,2010,46248.582,,,76.0687,76259.03,,,100.0,78.662,73.593
CYM,2015,41914.992,,,78.1191,73281.05,,,100.0,80.627,75.714
CYM,2020,42691.719,,,79.2299,72149.33,,,100.0,81.825,76.803
CYP,2001,31750.184,6.98,7.239,78.1848,37147.91,,,100.0,80.885,75.629
CYP,2005,33773.234,7.952,7.674,79.1975,41363.28,0.30259413,,100.0,81.81,76.714
CYP,2010,30197.65,8.072,7.157,80.6325,42103.492,0.31457788,,100.0,83.238,78.173
CYP,2015,23932.49,6.952,5.701,81.4637,37903.125,0.33966377,,100.0,83.855,79.153
CYP,2020,21718.07,6.903,5.301,81.2302,44203.89,0.31727943,,100.0,83.652,78.916
CZE,2001,47427.371,127.165,12.428,75.3141,30399.873,,,100.0,78.4,72.1
CZE,2005,50547.348,125.713,12.229,76.1561,35535.746,0.26946017,,100.0,79.1,72.9
CZE,2010,49087.34,117.464,11.226,77.5677,39097.387,0.26623514,,100.0,80.6,74.4
CZE,2015,44726.312,104.99,9.976,78.5609,42066.574,0.25867426,415115.00666666665,100.0,81.6,75.7
CZE,2020,41949.207,91.661,8.688,78.237,45119.938,0.26245132,516957.7891666666,100.0,81.3,75.3
DEU,2001,49586.344,915.255,11.171,78.4023,50711.68,0.29949388,,100.0,81.3,75.5
DEU,2005,48297.324,867.88,10.578,79.254,51289.28,0.31704092,,100.0,81.8,76.2
DEU,2010,47595.078,826.705,10.228,80.0814,54865.43,0.30218413,,100.0,82.6,77.5
DEU,2015,46064.512,800.823,9.757,80.5658,59699.34,0.31653914,1916848.4916666665,100.0,83.1,78.3
DEU,2020,41838.707,647.177,7.739,81.0036,60342.664,0.3243345,2191489.013333333,100.0,83.5,78.7
DJI,2001,4564.707,0.366,0.475,57.5059,,,,56.1,59.167,55.868
DJI,2005,4014.631,0.414,0.493,58.5483,,,,56.8,60.888,56.295
DJI,2010,3895.526,0.517,0.555,60.7431,,,,57.9,63.05,58.506
DJI,2015,3576.368,0.505,0.495,62.8326,4961.868,,11636.146666666667,59.1,65.313,60.43
DJI,2020,2837.851,0.463,0.419,64.2001,5791.4775,,32960.95166666667,64.5,66.847,61.656
DMA,2001,7499.582,0.11,1.609,71.8624,14091.549,,,82.1,74.617,69.24
DMA,2005,9079.752,0.15,2.185,72.0161,15080.5205,,,86.0,74.787,69.436
DMA,2010,10673.562,0.169,2.447,71.6797,17516.787,,,91.3,74.6,69.091
DMA,2015,10928.203,0.176,2.497,69.9683,16920.912,,,96.7,72.395,67.755
DMA,2020,10195.542,0.158,2.331,71.2693,14919.531,,,100.0,74.591,68.44
DNK,2001,44266.91,55.897,10.431,76.9736,57770.223,,,100.0,79.2,74.5
DNK,2005,43106.668,51.535,9.509,78.2259,60635.625,0.25186387,,100.0,80.2,75.6
DNK,2010,42534.992,49.19,8.866,79.2473,59696.355,0.2719856,,100.0,81.2,77.1
DNK,2015,35008.297,35.111,6.177,80.7394,61893.246,0.28177243,188078.1,100.0,82.7,78.8
DNK,2020,32953.23,28.3,4.853,81.5458,65204.55,0.27503937,218491.13583333333,100.0,83.6,79.7
DOM,2001,9479.246,19.083,2.188,70.5531,10991.137,0.49999,,89.8,73.948,67.327
DOM,2005,8632.511,17.852,1.935,71.0435,12022.508,0.49965227,,90.1,74.033,68.159
DOM,2010,8694.792,20.445,2.082,72.0393,14975.001,0.47325945,,98.1,75.68,68.612
DOM,2015,9146.476,22.986,2.203,72.9821,17973.188,0.45181024,193823.88749999998,98.6,76.376,69.7
DOM,2020,9261.6,26.228,2.383,72.6358,19545.41,0.39628673,304960.98666666663,100.0,76.717,68.925
DZA,2001,9920.246,86.019,2.745,71.0245,11742.595,,,98.6,72.295,69.823
DZA,2005,11062.527,109.564,3.309,72.836,13738.496,,,98.6,73.962,71.76
DZA,2010,12130.888,117.847,3.257,74.1435,14496.421,,,98.9,75.319,73.017
DZA,2015,15430.442,160.322,4.006,75.1589,15239.518,,5193317.825,99.4,76.377,73.992
DZA,2020,14733.622,171.139,3.886,73.2568,14194.155,,7182293.725000001,99.7,74.943,71.733
EAP,2001,,,,,,,,91.67980739,73.73875634,68.54536917
EAP,2005,,,,,,,,92.84530036,75.13293403,69.81277535
EAP,2010,,,,,,,,95.05537066,76.45484535,71.20480385
EAP,2015,,,,,,,,96.62182507,77.77262893,72.28022325
EAP,2020,,,,,,,,97.56518497,78.68504602,72.8849225
EAR,2001,,,,,,,,68.25777415,66.21628166,62.98198883
EAR,2005,,,,,,,,72.75078067,67.8165713,64.24391654
EAR,2010,,,,,,,,79.39018951,69.85476885,65.91120285
EAR,2015,,,,,,,,86.82715446,71.75465345,67.628743
EAR,2020,,,,,,,,93.45578106,72.21283919,67.73105446
EAS,2001,,,,,,,,92.54379823,74.8076037,69.41699252
EAS,2005,,,,,,,,93.5751463,76.12236029,70.62801478
EAS,2010,,,,,,,,95.54683248,77.40983055,71.99216751
EAS,2015,,,,,,,,96.95005996,78.66281102,73.07463234
EAS,2020,,,,,,,,97.79762097,79.55335722,73.70537222
ECA,2001,,,,,,,,99.07052443,73.2013417,65.16309045
ECA,2005,,,,,,,,99.25945695,74.08353293,66.0514098
ECA,2010,,,,,,,,99.60862245,75.7223424,68.20688392
ECA,2015,,,,,,,,99.76780457,77.3624214,70.1709944
ECA,2020,,,,,,,,99.97745826,77.26312268,69.97646362
ECS,2001,,,,,,,,99.16555077,77.39006807,69.5557463
ECS,2005,,,,,,,,99.27990043,78.11433387,70.44230868
ECS,2010,,,,,,,,99.66544251,79.63133874,72.56154625
ECS,2015,,,,,,,,99.16791752,80.71031413,74.11607809
ECS,2020,,,,,,,,99.97603547,80.51031128,74.0236194
ECU,2001,8170.207,23.436,1.815,72.5709,9405.117,,,94.0,75.667,69.536
ECU,2005,8719.039,30.652,2.214,73.9092,10660.205,0.530574,,95.8,77.131,70.764
ECU,2010,10293.683,36.469,2.419,75.1876,11665.698,0.48800084,,97.5,78.261,72.152
ECU,2015,11560.564,41.298,2.539,76.2219,13881.57,0.4595101,694976.585,98.8,78.621,73.816
ECU,2020,10421.882,32.473,1.851,72.0036,12440.326,0.47309673,968608.945,98.9,75.876,68.607
EGY,2001,7947.73,126.372,1.693,67.6118,10117.333,,,97.4,69.948,65.319
EGY,2005,8624.023,166.934,2.058,68.3552,10700.609,,,99.4,70.832,65.947
EGY,2010,10035.333,202.704,2.273,69.0782,13128.988,0.30191457,,99.4,71.534,66.692
EGY,2015,9800.549,226.654,2.276,70.1346,13425.912,0.31823358,3712891.2916666665,99.3,72.518,67.809
EGY,2020,9028.076,246.323,2.253,69.7897,15309.236,,4607542.816666666,100.0,71.958,67.691
EMU,2001,,,,,,,,99.99397565,81.84993043,75.40254493
EMU,2005,,,,,,,,99.98911807,82.51001948,76.39744084
EMU,2010,,,,,,,,99.99604491,83.65806772,77.88825706
EMU,2015,,,,,,,,100.0,84.24198639,78.93549029
EMU,2020,,,,,,,,100.0,84.14958779,78.95975366
ERI,2001,1230.681,0.637,0.276,58.3587,,,,30.3,59.972,56.691
ERI,2005,1273.534,0.586,0.22,60.6276,,,,34.5,62.339,58.877
ERI,2010,697.415,0.468,0.159,63.6653,,,,40.1,65.486,61.795
ERI,2015,757.389,0.557,0.18,65.9094,,,29872.433316666666,45.8,67.897,63.856
ERI,2020,770.89,0.641,0.195,66.9802,,,133008.55583333332,51.4,69.264,64.627
ESH,2001,3748.601,,,63.2225,,,,,,
ESH,2005,3156.431,,,65.2223,,,,,,
ESH,2010,2609.237,,,67.492,,,,,,
ESH,2015,2196.748,,,69.2753,,,,,,
ESH,2020,1891.034,,,70.6126,,,,,,
ESP,2001,38478.77,311.031,7.541,79.7387,41224.293,,,100.0,82.8,76.1
ESP,2005,40272.441,367.447,8.359,80.3196,43570.766,0.32431775,,100.0,83.5,77.0
ESP,2010,36130.066,282.585,6.033,82.0063,42695.527,0.35244483,,100.0,84.7,78.7
ESP,2015,33697.984,270.248,5.789,82.6109,43053.76,0.36178336,3621281.4525,100.0,85.7,80.1
ESP,2020,29844.311,211.765,4.441,82.2413,41553.45,0.34863642,3863891.823333333,100.0,85.1,79.5
EST,2001,41671.984,15.87,11.432,70.8336,22099.34,,,100.0,76.2,64.6
EST,2005,47581.875,17.09,12.614,73.0276,30473.78,0.33446768,,100.0,78.1,67.3
EST,2010,54939.371,18.965,14.244,75.8816,30379.11,0.31999838,,100.0,80.5,70.6
EST,2015,52205.723,15.78,12.004,77.665,36729.81,0.32667875,146391.07083333333,100.0,82.2,73.2
EST,2020,44173.07,9.198,6.918,78.8929,41340.766,0.30737072,151788.69666666666,100.0,83.0,74.4
ETH,2001,244.971,4.265,0.061,51.4276,851.3134,,,10.2,52.079,50.777
ETH,2005,297.265,4.956,0.063,54.364,952.11566,,,14.0,55.663,53.092
ETH,2010,360.906,6.344,0.07,59.7094,1381.1904,0.33170602,,25.5,61.971,57.542
ETH,2015,533.245,12.564,0.121,63.592,1957.4146,0.34993124,513301.52499999997,29.0,66.353,60.962
ETH,2020,576.794,16.735,0.141,65.9688,2516.549,,1323988.5525,51.1,69.368,62.779
EUU,2001,,,,,,,,99.50504448,80.81765128,74.20502385
EUU,2005,,,,,,,,99.59137073,81.55067957,75.16682412
EUU,2010,,,,,,,,99.75539725,82.75655716,76.67463548
EUU,2015,,,,,,,,99.8929116,83.46213101,77.82894224
EUU,2020,,,,,,,,99.99560229,83.30214084,77.72894166
FCS,2001,,,,,,,,40.94297789,57.66236916,53.87482773
FCS,2005,,,,,,,,42.68454665,59.14496555,55.25442175
FCS,2010,,,,,,,,45.99249265,61.23041504,57.51366064
FCS,2015,,,,,,,,50.04322377,62.94820966,58.62844088
FCS,2020,,,,,,,,56.30104905,64.44520687,59.78544898
FIN,2001,70720.75,62.52,12.051,78.1423,48099.3,,,100.0,81.5,74.6
FIN,2005,68155.766,57.064,10.877,78.9711,52744.047,0.27619493,,100.0,82.3,75.5
FIN,2010,69227.961,64.092,11.95,80.0116,54017.945,0.27713963,,100.0,83.2,76.7
FIN,2015,60020.715,44.192,8.065,81.3775,52782.49,0.27101812,1827846.0725,100.0,84.4,78.7
FIN,2020,56776.664,37.72,6.821,81.8219,55424.86,0.27091044,1811702.0916666668,100.0,84.8,79.2
FJI,2001,8554.759,1.004,1.182,66.2047,9516.328,,,77.7,68.627,64.029
FJI,2005,8964.815,1.022,1.159,65.9826,10127.111,,,81.6,68.245,63.937
FJI,2010,8167.591,1.03,1.131,66.7782,10167.35,,,92.4,68.928,64.803
FJI,2015,7343.387,1.462,1.592,66.4798,12131.092,,9597.091666666667,93.2,69.003,64.199
FJI,2020,5581.005,1.37,1.498,66.924,11254.97,,24216.650833333333,97.1,69.322,64.701
FLK,2001,40835.156,,,72.2665,,,,,,
FLK,2005,51960.195,,,75.341,,,,,,
FLK,2010,56495.117,,,77.7285,,,,,,
FLK,2015,55352.488,,,78.4296,,,,,,
FLK,2020,46219.578,,,78.7753,,,,,,
FRA,2001,52467.105,411.592,6.871,79.2208,46454.87,0.3253329,,100.0,83.0,75.5
FRA,2005,51181.828,416.343,6.756,80.3367,48257.465,0.29833868,,100.0,83.8,76.7
FRA,2010,47325.102,377.079,5.946,81.4047,49130.42,0.3372042,,100.0,85.3,78.2
FRA,2015,43493.348,332.131,5.116,82.1487,50682.895,0.3270423,3603130.466666667,100.0,85.6,79.2
FRA,2020,37087.582,281.515,4.272,82.1993,49311.332,0.3066147,3685550.983333333,100.0,85.3,79.2
FRO,2001,73191.297,0.762,16.474,78.3251,,,,100.0,81.3,76.0
FRO,2005,67507.414,0.722,14.918,78.365,,,,100.0,81.9,77.1
FRO,2010,63223.465,0.627,13.001,78.7314,50782.34,,,100.0,83.2,78.2
FRO,2015,63128.516,0.608,12.434,79.4259,63139.805,,,100.0,84.2,79.5
FRO,2020,62419.199,0.758,14.415,79.9822,65136.57,,,100.0,85.0,80.4
FSM,2001,5320.636,0.165,1.467,64.8013,3679.1907,,,48.4,68.029,61.825
FSM,2005,4420.617,0.114,1.019,64.9065,3747.8838,0.423558,,55.2,68.047,62.005
FSM,2010,4418.646,0.103,0.954,64.8919,3842.236,,,64.5,67.957,62.039
FSM,2015,6519.017,0.143,1.314,65.3065,3788.934,,,73.0,68.255,62.499
FSM,2020,4220.686,0.143,1.288,65.8776,3850.5305,,,81.9,69.659,62.395
GAB,2001,8111.498,6.48,4.948,61.9818,21604.781,,,77.2,63.367,60.559
GAB,2005,7925.227,6.223,4.252,62.978,20385.29,0.42184988,,81.6,64.477,61.468
GAB,2010,8195.542,5.528,3.214,64.7148,18530.576,,,89.3,66.755,62.767
GAB,2015,9274.311,5.772,2.828,66.3361,20147.71,,217336.9275,87.3,68.653,64.221
GAB,2020,6890.016,5.636,2.427,67.0725,18681.484,,358982.44916666666,91.1,69.716,64.725
GBR,2001,45402.168,577.971,9.749,78.1208,44189.855,0.37086216,,100.0,80.4,75.7
GBR,2005,44766.648,570.338,9.412,79.1061,47804.785,0.35485032,,100.0,81.2,77.0
GBR,2010,39284.031,511.905,8.125,80.3908,47013.883,0.337056,,100.0,82.4,78.5
GBR,2015,34863.801,422.461,6.461,80.919,49983.348,0.33311963,2240141.625,100.0,82.8,79.2
GBR,2020,29440.082,326.263,4.844,80.3854,47144.723,0.32644576,2002993.3458333332,100.0,82.4,78.362
GEO,2001,6177.211,3.723,0.884,70.3705,6074.0864,0.39555073,,99.8,73.865,66.457
GEO,2005,8406.767,5.046,1.253,70.6895,8485.587,0.3737492,,97.9,74.655,66.384
GEO,2010,10140.206,6.29,1.614,71.7318,11294.368,0.39458388,,100.0,76.386,66.9
GEO,2015,14169.949,9.791,2.582,73.241,14936.844,0.36503676,144524.57833333334,100.0,77.855,68.482
GEO,2020,14982.609,10.378,2.734,73.5094,17031.145,0.3446497,224216.4475,100.0,78.254,68.611
GGY,2001,,,,79.487,,,,,,
GGY,2005,,,,80.7315,,,,,,
GGY,2010,,,,82.3105,,,,,,
GGY,2015,,,,82.7496,,,,,,
GGY,2020,,,,83.3459,,,,,,
GHA,2001,1417.99,5.969,0.296,58.403,3369.507,,,44.8,59.614,57.179
GHA,2005,1418.509,6.113,0.272,59.6381,3721.3079,0.42756242,,41.3,60.915,58.353
GHA,2010,1644.755,8.943,0.351,61.2974,4495.689,,,64.2,62.812,59.79
GHA,2015,2515.086,14.568,0.508,63.1749,5607.366,,286585.2225,74.0,65.063,61.317
GHA,2020,2952.878,19.164,0.601,64.3089,6412.6855,,701183.0783333333,85.4,66.671,62.028
GIB,2001,,,,80.4187,,,,99.9,81.883,78.683
GIB,2005,,,,80.9906,,,,99.7,82.979,78.788
GIB,2010,,,,82.0797,,,,100.0,84.642,79.403
GIB,2015,,,,82.6682,,,,100.0,85.35,79.929
GIB,2020,,,,83.0698,,,,100.0,85.69,80.423
GIN,2001,868.498,1.517,0.178,52.669,2412.7517,,,16.4,53.281,52.034
GIN,2005,917.85,1.784,0.193,54.4217,2501.2217,,,20.2,55.184,53.611
GIN,2010,1101.525,2.459,0.236,56.4305,2594.8306,,,28.1,57.607,55.186
GIN,2015,1024.496,2.454,0.209,57.8986,2869.8516,,161628.51666666666,34.9,59.092,56.634
GIN,2020,1580.174,4.43,0.331,59.3499,3630.9934,,372241.98333333334,44.7,60.654,57.963
GLP,2001,21536.145,,,77.2667,,,,,,
GLP,2005,22357.498,,,78.1836,,,,,,
GLP,2010,23611.496,,,80.12,,,,,,
GLP,2015,0.0,,,81.2679,,,,,,
GLP,2020,0.0,,,80.6481,,,,,,
GMB,2001,922.175,0.3,0.201,57.2832,2737.696,,,29.9,59.278,55.379
GMB,2005,877.008,0.319,0.191,59.1098,2653.6423,,,30.5,60.747,57.506
GMB,2010,1039.434,0.432,0.224,61.1675,2824.2126,0.4356842,,46.8,62.434,59.897
GMB,2015,1039.699,0.583,0.262,62.9713,2495.9575,0.35918832,9425.743333333334,54.7,64.251,61.677
GMB,2020,707.13,0.7,0.278,64.4183,2702.319,0.38757205,19131.760833333334,62.2,66.122,62.713
GNB,2001,804.879,0.048,0.038,51.0536,2001.1652,,,,53.198,48.868
GNB,2005,914.601,0.092,0.066,52.9489,2035.6814,,,5.2,54.93,50.894
GNB,2010,907.776,0.103,0.065,56.9992,2138.0269,0.5060209,,6.0,58.929,54.956
GNB,2015,915.198,0.154,0.086,60.0708,2203.485,,21006.065,20.1,62.119,57.887
GNB,2020,700.371,0.311,0.155,61.343,2413.6792,,42690.824166666665,33.4,63.684,58.872
GNQ,2001,2431.848,3.091,4.122,53.8271,18031.965,,,64.9,55.183,52.468
GNQ,2005,23846.643,6.206,6.551,55.7659,31302.957,,,65.0,57.095,54.406
GNQ,2010,25871.473,6.377,5.363,58.3445,33668.875,,,66.1,59.812,56.926
GNQ,2015,18664.068,7.01,4.821,60.6347,27797.795,,39876.015,66.1,62.29,59.115
GNQ,2020,13697.065,6.39,3.722,62.1408,17089.154,,49014.09583333333,66.7,64.222,60.349
GRC,2001,34678.711,105.361,9.717,78.9087,32675.93,,,100.0,81.0,75.9
GRC,2005,36389.727,113.889,10.371,79.6505,38146.965,0.3459669,,100.0,81.8,76.8
GRC,2010,34018.004,97.354,8.751,80.5727,37566.75,0.3409876,,100.0,83.0,77.9
GRC,2015,28807.652,74.927,6.924,80.7894,31347.977,0.35996836,664346.2883333333,100.0,83.7,78.5
GRC,2020,25885.402,55.577,5.194,81.5361,30487.113,0.33558115,904645.5741666667,100.0,83.9,78.8
GRD,2001,8319.157,0.194,1.798,73.0336,11340.183,,,86.3,75.853,70.362
GRD,2005,9087.532,0.216,1.97,73.7003,14220.552,,,87.5,76.566,71.025
GRD,2010,10500.906,0.256,2.298,74.7308,13363.092,,,89.4,77.462,72.214
GRD,2015,10314.098,0.26,2.268,75.0375,15145.972,,,91.4,77.956,72.39
GRD,2020,11380.898,0.289,2.488,75.019,14656.721,,,93.4,78.207,72.168
GRL,2001,43634.898,0.618,10.948,66.2727,45405.855,,,100.0,68.86,63.66
GRL,2005,53322.676,0.627,11.001,67.7693,52189.0,,,100.0,70.96,65.64
GRL,2010,67576.227,0.661,11.666,68.4548,61863.28,,,100.0,72.36,67.91
GRL,2015,51576.773,0.548,9.77,70.2341,63364.055,,,100.0,73.62,69.44
GRL,2020,46170.637,0.55,9.794,70.1558,68533.734,,,100.0,74.13,69.68
GTM,2001,3732.116,10.147,0.848,67.4365,8771.155,,,73.7,70.644,64.356
GTM,2005,3554.738,12.038,0.92,68.167,9099.723,,,78.3,71.339,65.088
GTM,2010,3625.891,10.817,0.746,69.885,9825.018,,,84.3,72.841,66.975
GTM,2015,4535.181,15.449,0.967,70.9148,10785.958,,197155.71583333332,90.5,73.555,68.306
GTM,2020,5189.646,17.157,0.988,69.9707,11097.15,,293574.20416666666,96.6,73.169,66.954
GUF,2001,18092.258,,,73.3225,,,,,,
GUF,2005,16195.714,,,74.1342,,,,,,
GUF,2010,16360.515,,,75.8516,,,,,,
GUF,2015,0.0,,,76.6314,,,,,,
GUF,2020,0.0,,,77.5067,,,,,,
GUM,2001,120034.234,,,75.1948,,,,100.0,78.064,72.552
GUM,2005,94379.5,,,76.4271,,,,100.0,79.292,73.813
GUM,2010,63279.223,,,76.0954,,,,100.0,79.846,72.757
GUM,2015,52109.426,,,76.4438,,,,100.0,80.73,72.692
GUM,2020,43350.199,,,75.5289,,,,100.0,80.254,71.536
GUY,2001,8706.563,1.74,2.277,64.3804,8212.043,,,75.1,67.837,61.285
GUY,2005,8049.838,1.616,2.124,64.392,8256.525,,,77.5,67.704,61.398
GUY,2010,9555.978,1.883,2.514,66.2043,10374.395,,,83.3,69.672,63.066
GUY,2015,11060.597,1.964,2.588,67.7193,12040.083,,91647.42166666668,88.0,71.527,64.214
GUY,2020,12078.3,3.1,3.839,67.751,19234.13,,253350.04333333333,92.3,71.884,63.99
HIC,2001,,,,,,,,99.46644307,79.78793612,73.07169542
HIC,2005,,,,,,,,99.53323292,80.49354214,73.96769087
HIC,2010,,,,,,,,99.78185107,81.75473697,75.66988901
HIC,2015,,,,,,,,99.44125601,82.49261006,76.7829404
HIC,2020,,,,,,,,99.96830638,82.23932425,76.3904546
HKG,2001,36819.168,37.289,5.504,80.992,39777.883,,,100.0,84.6,78.39
HKG,2005,39095.801,43.334,6.273,81.6752,47938.895,,,100.0,84.59,78.77
HKG,2010,45226.09,40.063,5.641,82.8592,56355.402,,,100.0,86.0,80.06
HKG,2015,44316.551,42.404,5.756,84.147,62779.72,,,100.0,87.29,81.36
HKG,2020,34437.906,33.513,4.474,84.7073,61328.54,,,100.0,87.75,83.35
HND,2001,3388.793,5.665,0.838,68.4906,4578.9478,0.55351347,,64.2,70.732,66.406
HND,2005,3841.447,6.835,0.914,69.1982,5056.6753,0.5947673,,68.9,71.493,67.067
HND,2010,3909.145,8.107,0.969,69.7697,5396.0723,0.5308564,,81.0,72.149,67.557
HND,2015,4790.05,10.898,1.18,71.323,5812.5347,0.49248698,189381.75166666668,90.0,73.827,68.966
HND,2020,4385.581,9.977,0.986,70.864,5603.264,,266445.1775,93.1,73.814,68.172
HPC,2001,,,,,,,,18.69723553,54.88497037,52.19439307
HPC,2005,,,,,,,,21.66560703,57.29184991,54.27742455
HPC,2010,,,,,,,,28.6794313,60.44212023,57.03644449
HPC,2015,,,,,,,,35.45323342,63.61311638,59.53878583
HPC,2020,,,,,,,,46.34059887,65.63891866,60.60582685
HRV,2001,23602.701,20.776,4.83,74.3547,22826.932,,,100.0,78.17,71.03
HRV,2005,25333.199,23.296,5.4,75.5705,27641.578,,,99.9,78.83,71.83
HRV,2010,25171.242,20.978,4.877,76.6761,28704.527,0.32372993,,100.0,79.6,73.5
HRV,2015,21755.934,17.794,4.253,77.6329,29471.752,0.3111313,287276.1325,100.0,80.4,74.3
HRV,2020,23110.982,16.87,4.267,77.4972,32493.625,0.29543304,351000.5233333334,100.0,80.7,74.5
HTI,2001,832.129,1.466,0.173,58.5914,3186.834,0.58991164,,31.5,60.361,56.823
HTI,2005,965.684,1.715,0.189,60.3182,3163.1138,,,34.5,62.465,58.209
HTI,2010,892.691,2.129,0.217,45.5768,3195.2483,,,37.2,45.679,45.441
HTI,2015,1275.72,2.654,0.252,63.2239,3422.0974,,20283.123333333333,40.8,65.935,60.607
HTI,2020,1040.943,3.265,0.29,63.773,3229.4756,,40233.611666666664,46.3,67.03,60.707
HUN,2001,28292.951,59.828,5.885,72.3944,23069.21,,,100.0,76.5,68.2
HUN,2005,30606.781,60.142,5.975,72.8649,27765.79,0.3472095,,99.9,76.9,68.6
HUN,2010,27840.961,51.993,5.21,74.5189,27801.834,0.29444122,,100.0,78.1,70.5
HUN,2015,25514.334,46.567,4.733,75.6536,31485.568,0.30407092,297421.94083333336,100.0,79.0,72.3
HUN,2020,27727.523,47.105,4.832,75.7302,36119.52,,421473.1558333333,100.0,78.8,72.2
IBD,2001,,,,,,,,85.26054529,71.16172775,66.17813366
IBD,2005,,,,,,,,87.73332276,72.47866884,67.35581648
IBD,2010,,,,,,,,91.45405714,74.12865792,69.03710843
IBD,2015,,,,,,,,95.17695942,75.66056058,70.5563453
IBD,2020,,,,,,,,98.05719629,76.06968912,70.71659581
IBT,2001,,,,,,,,74.58835985,68.2462218,63.83101375
IBT,2005,,,,,,,,77.059769,69.58423604,65.01622571
IBT,2010,,,,,,,,80.64913306,71.31616662,66.67287601
IBT,2015,,,,,,,,84.80245449,72.83170693,68.04658166
IBT,2020,,,,,,,,88.91215243,73.38406964,68.28851477
IDA,2001,,,,,,,,37.14226403,58.20620443,55.61902628
IDA,2005,,,,,,,,41.52243001,60.13182164,57.232566
IDA,2010,,,,,,,,47.31558757,62.74387895,59.30959844
IDA,2015,,,,,,,,54.52239945,64.68050505,60.64411307
IDA,2020,,,,,,,,63.93707436,66.13609372,61.59250503
IDB,2001,,,,,,,,56.70789885,56.86010262,54.99074536
IDB,2005,,,,,,,,60.22421128,58.10862778,55.97022684
IDB,2010,,,,,,,,63.95474865,60.57952746,57.6434568
IDB,2015,,,,,,,,68.78683249,61.90394876,58.80124301
IDB,2020,,,,,,,,74.4924622,62.67939534,59.12411231
IDN,2001,5690.084,316.759,1.446,66.5826,6190.5195,0.31165913,,86.3,68.269,64.899
IDN,2005,6137.143,347.361,1.505,67.5308,7140.8545,0.2990362,,84.8,69.264,65.794
IDN,2010,7062.332,445.37,1.808,68.3642,8848.225,0.3458631,,94.2,70.152,66.571
IDN,2015,7243.953,551.16,2.105,69.5196,10893.662,0.38207534,2383291.6666666665,97.5,71.46,67.584
IDN,2020,7700.859,623.304,2.268,68.8173,12388.545,0.35335615,3723148.5583333336,97.0,71.097,66.644
IDX,2001,,,,,,,,26.50336552,58.91523672,55.96017915
IDX,2005,,,,,,,,31.30666204,61.20209592,57.92289068
IDX,2010,,,,,,,,38.21636456,63.90344554,60.23594122
IDX,2015,,,,,,,,46.7059984,66.16986732,61.67204616
IDX,2020,,,,,,,,58.23651885,67.96617098,62.94805495
IMN,2001,,,,75.2893,,,,100.0,77.562,72.968
IMN,2005,,,,77.4528,,,,100.0,79.249,75.568
IMN,2010,,,,79.6132,,,,100.0,81.157,77.986
IMN,2015,,,,80.2666,,,,100.0,81.87,78.62
IMN,2020,,,,80.5909,,,,100.0,82.739,78.507
IND,2001,3470.525,1001.198,0.929,63.1581,3188.8103,,,62.0,64.277,62.102
IND,2005,3991.09,1195.393,1.035,64.9385,3881.966,,,68.8,66.376,63.608
IND,2010,5024.514,1678.53,1.35,67.1616,5059.2827,,,76.3,68.809,65.644
IND,2015,5943.03,2231.817,1.681,69.326,6488.146,,11299415.583333334,88.0,70.94,67.827
IND,2020,6268.437,2422.732,1.727,70.1563,7399.531,,14551376.916666666,96.5,71.938,68.529
INX,2001,,,,,,,,,,
INX,2005,,,,,,,,,,
INX,2010,,,,,,,,,,
INX,2015,,,,,,,,,,
INX,2020,,,,,,,,,,
IRL,2001,47416.77,47.608,12.324,77.1003,55702.17,,,100.0,79.9,74.5
IRL,2005,45286.039,48.153,11.588,78.9093,63771.594,0.3375395,,100.0,81.3,76.7
IRL,2010,39109.176,41.791,9.167,80.5992,59285.81,0.32294828,,100.0,83.1,78.5
IRL,2015,36983.535,38.715,8.233,81.5326,81053.35,0.3182037,,100.0,83.4,79.6
IRL,2020,35440.219,35.053,7.035,82.3897,101970.81,0.2922815,,100.0,84.3,80.7
IRN,2001,22121.549,389.912,5.781,70.6188,10998.129,,,98.1,73.138,68.309
IRN,2005,27012.984,466.795,6.499,72.4463,13056.25,0.43558642,,98.4,74.758,70.299
IRN,2010,31753.65,561.496,7.253,74.3896,14737.156,,,99.4,76.433,72.462
IRN,2015,33441.367,641.959,7.77,75.9073,13905.192,0.35264045,7141902.058333334,100.0,77.84,74.072
IRN,2020,39001.859,745.596,8.499,74.1406,14397.153,0.3584293,9250118.299999999,100.0,76.238,72.217
IRQ,2001,14302.616,96.802,3.842,65.292,12529.608,,,96.9,67.811,62.664
IRQ,2005,10851.659,114.282,4.023,64.8989,10078.443,,,97.4,69.005,60.919
IRQ,2010,12635.276,113.983,3.672,68.0924,11816.841,,,98.4,70.248,65.796
IRQ,2015,12548.279,142.53,3.795,69.9771,13516.027,,6279115.941666666,99.4,72.04,67.771
IRQ,2020,14121.961,172.098,4.086,69.6506,12827.635,,7258444.008333333,100.0,72.294,66.974
ISL,2001,117890.008,2.865,10.051,80.4209,49032.37,,,100.0,83.2,78.3
ISL,2005,120969.766,2.976,10.026,81.1691,55333.227,0.29002446,,100.0,83.5,79.6
ISL,2010,177257.703,3.627,11.399,81.5939,54588.973,0.26171297,,100.0,84.1,79.8
ISL,2015,184962.188,3.541,10.699,82.1638,59978.332,0.26787972,674830.08,100.0,83.8,81.2
ISL,2020,158445.453,3.339,9.107,82.7113,59627.242,,543652.4808333333,100.0,84.6,81.6
ISR,2001,36296.309,63.024,10.068,79.4787,32590.229,0.38947663,,100.0,81.2,77.7
ISR,2005,36362.043,56.528,8.402,80.3935,33512.89,0.42267624,,100.0,82.2,78.2
ISR,2010,36127.887,68.287,9.308,81.9742,37722.41,0.42559466,,100.0,83.6,79.7
ISR,2015,34152.93,62.936,7.815,82.2538,40967.37,0.3971953,,100.0,84.1,80.1
ISR,2020,32400.561,59.285,6.737,82.6997,42915.94,0.37773558,,100.0,84.8,80.6
ITA,2001,36587.238,469.679,8.196,79.8849,51332.29,,,100.0,83.2,77.2
ITA,2005,37986.055,501.365,8.567,81.0201,51585.645,0.33831015,,100.0,83.6,78.1
ITA,2010,34277.383,435.672,7.241,82.1319,49301.695,0.34716856,,100.0,84.7,79.5
ITA,2015,30350.098,361.244,5.964,82.5211,47311.824,0.35390204,4192852.5425,100.0,84.9,80.3
ITA,2020,27764.1,302.6,5.051,82.1814,45505.07,0.3524098,4637126.383333334,100.0,84.5,80.0
JAM,2001,16758.963,10.576,4.03,71.2872,9585.314,,,87.7,73.217,69.384
JAM,2005,16972.77,10.413,3.875,71.4929,10119.534,,,88.0,73.956,69.125
JAM,2010,11906.298,7.677,2.793,71.9789,9654.072,,,92.2,74.44,69.58
JAM,2015,12817.319,7.966,2.843,72.2144,9778.118,,,94.9,74.332,70.1
JAM,2020,10243.315,6.866,2.425,71.4519,9178.32,,,99.7,74.014,68.925
JEY,2001,,,,78.6317,,,,,,
JEY,2005,,,,79.684,,,,,,
JEY,2010,,,,80.54,,,,,,
JEY,2015,,,,80.5257,,,,,,
JEY,2020,,,,79.4471,,,,,,
JOR,2001,11567.317,15.858,2.884,72.1412,8339.786,,,99.0,74.292,70.284
JOR,2005,14256.021,20.79,3.448,72.9772,9839.688,,,99.0,75.169,71.082
JOR,2010,12214.424,20.838,2.856,73.7973,10953.538,0.3365573,,100.0,76.02,71.891
JOR,2015,11395.772,25.799,2.703,75.06,9581.689,,401335.5516666667,99.9,77.295,73.125
JOR,2020,9092.58,20.622,1.898,75.5831,9022.64,,653674.1858333334,99.9,78.252,73.371
JPN,2001,48606.785,1245.935,9.79,81.5101,39062.28,,,100.0,84.93,78.07
JPN,2005,49673.781,1286.412,10.057,82.0073,41075.824,,,100.0,85.52,78.56
JPN,2010,46675.965,1211.09,9.448,82.916,40881.797,0.3149226,,100.0,86.3,79.55
JPN,2015,42138.883,1219.982,9.585,83.8832,43386.71,0.3070093,2849332.1841666666,100.0,86.99,80.75
JPN,2020,38203.234,1037.285,8.213,84.6703,42992.48,0.32339275,3035770.6191666666,100.0,87.71,81.56
KAZ,2001,26720.916,138.036,8.862,64.1081,14612.029,0.35964486,,99.7,69.963,58.464
KAZ,2005,31602.148,198.449,12.428,65.3556,20565.53,0.3982598,,100.0,71.311,59.616
KAZ,2010,36301.25,248.093,14.735,68.2575,26374.84,0.27954513,,100.0,73.776,62.785
KAZ,2015,35163.98,303.052,16.758,72.0242,30893.76,0.26803666,3604028.2383333333,100.0,76.482,67.234
KAZ,2020,37775.098,281.789,14.464,71.1952,32011.549,0.2868392,5283243.375,100.0,75.468,66.811
KEN,2001,1260.536,9.224,0.292,56.5005,3778.2585,,,17.0,57.261,55.665
KEN,2005,1259.571,8.454,0.236,58.5098,3844.7356,0.4644277,,24.5,59.517,57.433
KEN,2010,1447.066,11.857,0.285,60.9149,4211.5244,,,19.2,62.575,59.246
KEN,2015,1671.834,15.212,0.323,62.279,4679.622,0.4077488,367623.6766666667,41.6,64.344,60.27
KEN,2020,1565.244,19.99,0.383,61.5958,5057.4014,0.36246458,846489.775,71.5,64.24,59.145
KGZ,2001,8168.094,3.857,0.76,65.3191,3795.8906,0.3016398,,99.5,72.6,65.0
KGZ,2005,6315.175,5.519,1.052,65.7894,4156.9585,0.32561347,,99.4,71.9,64.2
KGZ,2010,7097.605,6.356,1.157,67.5214,4876.4795,0.30133805,,99.0,73.5,65.3
KGZ,2015,7767.007,10.265,1.71,69.3094,5600.2144,0.2899777,267341.73,98.7,74.8,66.7
KGZ,2020,6303.331,8.348,1.253,69.136,5537.7954,0.28989273,449105.0116666667,99.9,76.0,67.8
KHM,2001,744.978,2.235,0.177,60.4566,2032.0809,,,9.5,62.478,58.214
KHM,2005,890.321,2.209,0.164,64.1128,2781.8904,,,20.5,66.101,61.911
KHM,2010,1574.503,5.067,0.349,67.3108,3711.5376,,,31.1,69.364,65.056
KHM,2015,2045.985,8.186,0.524,69.3977,4968.5728,,92797.19083333334,62.7,71.717,66.893
KHM,2020,3623.198,20.991,1.255,70.0594,6128.782,,245005.96166666667,86.4,72.657,67.296
KIR,2001,1374.108,0.033,0.365,64.9179,2357.5818,,,57.3,66.556,63.145
KIR,2005,2699.894,0.048,0.486,65.5174,2183.7812,,,69.7,67.126,63.767
KIR,2010,2403.071,0.059,0.539,65.8595,2119.6401,,,63.2,67.442,64.112
KIR,2015,2194.337,0.059,0.502,65.831,2615.8413,,,90.6,67.426,64.035
KIR,2020,2469.272,0.07,0.552,65.2046,2834.6858,,,91.0,67.129,63.054
KNA,2001,17429.004,0.176,3.841,69.7671,20648.79,,,93.5,73.01,66.773
KNA,2005,18965.34,0.194,4.18,71.151,22612.713,,,96.5,74.428,68.109
KNA,2010,21205.156,0.22,4.69,71.4516,24997.566,,,99.8,74.718,68.466
KNA,2015,22423.354,0.231,4.9,71.2112,28729.566,,,100.0,75.091,67.764
KNA,2020,22419.523,0.242,5.157,71.1814,26736.928,,,100.0,75.384,67.464
KOR,2001,49220.004,455.631,9.685,76.9195,26128.39,,,100.0,80.1,72.9
KOR,2005,55225.688,498.688,10.422,78.4486,31319.11,,,100.0,81.6,74.9
KOR,2010,62667.078,594.339,12.187,80.7172,37610.973,0.32021224,,100.0,83.6,76.8
KOR,2015,65128.629,634.177,12.439,82.5404,42459.902,,1606087.4199999918,100.0,85.2,79.0
KOR,2020,65364.66,597.634,11.524,83.6752,46361.598,0.32708606,2020822.0508333333,100.0,86.5,80.5
KWT,2001,109468.047,59.119,29.44,76.0366,59099.664,,,100.0,78.428,74.438
KWT,2005,152614.953,74.615,33.358,76.4639,78193.9,,,100.0,78.868,74.832
KWT,2010,137605.688,89.721,30.482,77.4995,62956.215,,,100.0,79.502,76.035
KWT,2015,122226.82,93.317,24.337,79.2194,57763.516,,,100.0,80.718,78.099
KWT,2020,95379.328,90.103,20.477,78.2483,49372.574,,,100.0,80.4,77.2
LAC,2001,,,,,,,,91.6904405,73.87521693,67.83864926
LAC,2005,,,,,,,,93.04014702,75.26261681,69.26114304
LAC,2010,,,,,,,,95.56561402,76.12758152,70.15987522
LAC,2015,,,,,,,,97.04448425,77.50187451,71.64444433
LAC,2020,,,,,,,,97.98577748,76.24497918,69.6941387
LAO,2001,972.894,1.059,0.192,58.8867,3015.6326,,,45.3,60.568,57.233
LAO,2005,1243.317,1.337,0.228,60.6881,3630.5588,,,57.2,63.07,58.411
LAO,2010,2160.722,3.001,0.474,63.6895,4946.1055,,,70.2,66.083,61.419
LAO,2015,5482.204,9.185,1.35,66.6881,6703.741,,140965.17166666666,89.7,68.896,64.61
LAO,2020,9094.416,18.294,2.49,68.3386,7995.595,,332109.9575,99.3,71.045,65.861
LBN,2001,14536.341,16.407,3.727,74.3542,11817.931,,,99.3,76.161,72.416
LBN,2005,12968.24,16.65,3.565,76.0737,13024.665,,,99.2,77.979,73.996
LBN,2010,15402.093,19.997,3.967,77.5292,17390.758,,,99.5,79.386,75.449
LBN,2015,15547.524,25.731,3.975,78.2754,14980.0205,,187591.6033333333,99.7,80.096,76.221
LBN,2020,17183.244,23.694,4.155,76.2988,12507.437,,224384.49166666667,100.0,78.669,73.855
LBR,2001,668.85,0.414,0.137,53.1095,1867.1191,,,,54.614,51.64
LBR,2005,838.1,0.651,0.197,56.7648,1335.6173,,,,58.219,55.333
LBR,2010,829.724,0.709,0.175,59.3577,1538.8508,,,5.3,60.706,58.015
LBR,2015,1043.535,0.699,0.15,59.2481,1714.0905,,62475.612499999996,15.2,60.368,58.116
LBR,2020,548.43,0.777,0.151,61.2672,1497.377,,128506.90750000002,27.6,62.624,59.905
LBY,2001,39725.582,53.114,9.829,70.6533,17111.484,,,96.9,72.835,68.981
LBY,2005,39425.07,55.986,9.556,71.4386,20644.027,,,90.1,73.689,69.62
LBY,2010,40569.418,59.148,9.103,72.1963,21109.969,,,81.9,74.606,70.176
LBY,2015,27587.535,60.866,9.318,71.644,12192.139,,,73.8,75.248,68.584
LBY,2020,25440.494,36.111,5.125,72.3882,9976.037,,,69.4,75.7,69.527
LCA,2001,9917.78,0.359,2.241,71.3671,17993.637,,,89.9,74.086,68.714
LCA,2005,9940.473,0.392,2.369,72.5437,19491.219,,,90.1,75.682,69.523
LCA,2010,10517.159,0.484,2.83,72.7676,20849.055,,,94.2,75.629,70.057
LCA,2015,10517.959,0.48,2.744,72.9319,21142.973,0.51225066,,99.0,76.042,70.015
LCA,2020,13446.084,0.487,2.734,72.3077,17142.045,,,100.0,76.195,68.763
LCN,2001,,,,,,,,92.33255077,74.27933137,68.1117227
LCN,2005,,,,,,,,93.52274424,75.63818222,69.55513777
LCN,2010,,,,,,,,95.87900491,76.47303846,70.39987932
LCN,2015,,,,,,,,97.28472761,77.75062001,71.77842598
LCN,2020,,,,,,,,98.14999276,76.57414041,69.98605979
LDC,2001,,,,,,,,20.9977554,57.38641803,54.62742194
LDC,2005,,,,,,,,26.27118075,59.873265,56.78437775
LDC,2010,,,,,,,,33.01645229,62.81970569,59.30369471
LDC,2015,,,,,,,,42.31272813,65.45479623,61.20981224
LDC,2020,,,,,,,,54.47368401,67.35490956,62.39987216
LIC,2001,,,,,,,,18.16156256,56.32036412,53.01177684
LIC,2005,,,,,,,,20.92257153,58.95580244,55.43316531
LIC,2010,,,,,,,,26.4471372,61.65001623,58.19206458
LIC,2015,,,,,,,,33.07021839,63.20268196,58.83197579
LIC,2020,,,,,,,,41.73684567,65.27877972,60.41373138
LIE,2001,,0.215,6.414,79.1936,,,,100.0,82.4,76.3
LIE,2005,,0.229,6.596,81.1169,,,,100.0,84.1,77.4
LIE,2010,,0.191,5.296,82.0538,,,,100.0,84.3,79.5
LIE,2015,,0.16,4.266,82.7618,,,,100.0,84.5,80.9
LIE,2020,,0.142,3.65,82.037,,,,100.0,83.4,80.0
LKA,2001,2654.702,10.158,0.518,71.8044,6230.031,,,63.6,76.481,67.71
LKA,2005,3056.239,11.67,0.577,73.0733,7452.742,,,78.1,77.061,69.391
LKA,2010,3334.249,12.697,0.608,74.4626,9832.187,,,85.3,78.2,70.862
LKA,2015,4201.589,19.179,0.883,75.9899,13329.779,,118064.51166666666,94.3,79.395,72.572
LKA,2020,4653.042,20.412,0.905,76.9281,13886.651,,179757.54,100.0,80.066,73.691
LMC,2001,,,,,,,,59.35303029,63.60951275,60.72709269
LMC,2005,,,,,,,,65.2484356,65.36603241,62.08304944
LMC,2010,,,,,,,,71.68773918,67.43696933,63.78635484
LMC,2015,,,,,,,,80.65869535,69.27292888,65.53473301
LMC,2020,,,,,,,,88.38041439,70.14358735,66.0890846
LMY,2001,,,,,,,,74.285738,68.11978683,64.00031454
LMY,2005,,,,,,,,76.98756861,69.53140742,65.23804152
LMY,2010,,,,,,,,80.46973858,71.20941361,66.81410552
LMY,2015,,,,,,,,85.04072987,72.70624522,68.144291
LMY,2020,,,,,,,,89.01628806,73.28116148,68.37655933
LSO,2001,961.396,1.872,0.936,47.1525,2004.0334,,,1.3,49.483,44.879
LSO,2005,1130.01,2.012,1.03,43.6115,2275.016,,,9.6,45.9,41.438
LSO,2010,1557.621,2.275,1.14,46.0447,2651.378,,,17.0,48.303,43.855
LSO,2015,1577.367,2.045,0.971,51.8298,2986.9587,,,31.8,54.355,49.285
LSO,2020,1613.233,1.986,0.888,55.1325,2517.1104,,,47.5,57.669,52.502
LTE,2001,,,,,,,,95.91349852,74.84045789,68.64642365
LTE,2005,,,,,,,,97.16645972,76.23912037,70.01468475
LTE,2010,,,,,,,,98.35251144,77.83955987,71.79784193
LTE,2015,,,,,,,,98.7803025,79.231598,73.13199708
LTE,2020,,,,,,,,99.38694089,79.95232627,73.65750043
LTU,2001,26014.791,12.594,3.626,71.7123,16933.023,,,99.5,77.6,66.0
LTU,2005,28396.092,13.863,4.173,71.2464,23944.701,0.3529672,,99.4,77.4,65.4
LTU,2010,21370.361,13.802,4.455,73.1962,26887.492,0.33608714,,99.7,78.8,68.0
LTU,2015,22064.121,13.045,4.489,74.4737,35251.297,0.373703,133807.24583333332,100.0,79.7,69.2
LTU,2020,25143.689,13.5,4.829,75.105,43091.797,0.35956642,186621.61083333334,100.0,80.1,70.2
LUX,2001,90257.188,9.205,20.838,77.5298,116258.43,0.30926323,,100.0,81.0,74.8
LUX,2005,112937.711,12.076,25.949,78.8786,124866.86,0.30840808,,100.0,82.3,76.7
LUX,2010,98774.555,11.191,22.054,80.0987,131432.06,0.3050438,,100.0,83.5,77.9
LUX,2015,75565.75,9.334,16.389,81.2561,130097.26,0.3292147,33411.306666666664,100.0,84.7,80.0
LUX,2020,64294.848,8.069,12.796,81.4108,129865.63,0.3337364,34438.0775,100.0,84.5,79.9
LVA,2001,17519.91,7.497,3.206,69.9058,15695.906,,,99.9,76.6,65.2
LVA,2005,21150.156,7.811,3.487,70.6324,23213.354,0.38973054,,99.7,77.4,65.6
LVA,2010,23815.682,8.555,4.078,73.0285,24119.73,0.35030216,,99.8,78.4,68.8
LVA,2015,21293.232,7.262,3.672,74.6646,30599.613,0.34202468,143754.05833333332,100.0,79.5,69.7
LVA,2020,21682.938,6.999,3.682,75.4781,34225.9,0.3570395,166888.73333333334,100.0,80.0,70.6
MAC,2001,16363.766,1.561,3.507,79.8122,57114.06,,,100.0,83.2,78.1
MAC,2005,20309.41,1.682,3.395,80.5223,87090.72,,,100.0,83.8,79.0
MAC,2010,19228.785,1.235,2.194,81.6635,130596.31,,,100.0,85.5,79.2
MAC,2015,20830.475,1.773,2.85,82.9402,123396.17,,14979.095000000001,100.0,86.4,80.2
MAC,2020,18909.363,1.033,1.513,84.61,59791.473,,14764.875,100.0,87.1,81.3
MAF,2001,,,,77.0093,,,,99.9,80.998,73.568
MAF,2005,,,,77.8018,,,,99.7,81.692,74.407
MAF,2010,,,,78.7523,,,,100.0,82.572,75.374
MAF,2015,,,,79.8295,,,,100.0,83.588,76.316
MAF,2020,,,,80.0848,,,,100.0,83.851,76.561
MAR,2001,4404.207,36.809,1.277,67.1996,5417.5786,,,71.6,68.927,65.551
MAR,2005,5314.363,44.661,1.471,68.7475,6103.4224,,,78.6,70.454,67.112
MAR,2010,6004.762,54.365,1.674,70.8211,7210.6367,,,95.7,72.484,69.238
MAR,2015,6381.812,58.499,1.69,72.8938,8198.809,,1072604.0383333333,97.3,74.722,71.172
MAR,2020,6625.939,64.542,1.764,73.1327,8054.563,,1679773.4749999999,100.0,75.718,70.852
MCO,2001,,,,82.485,,,,100.0,86.271,78.755
MCO,2005,,,,84.3396,,,,100.0,87.811,80.841
MCO,2010,,,,84.6441,,,,100.0,87.071,82.241
MCO,2015,,,,85.3231,,,,100.0,88.199,82.821
MCO,2020,,,,86.0893,,,,100.0,88.27,84.133
MDA,2001,7669.45,3.787,0.904,67.6725,6090.0347,0.37988025,,98.8,71.445,63.677
MDA,2005,9927.71,4.938,1.238,68.1969,8161.4736,0.36280838,,98.6,72.102,64.067
MDA,2010,8803.479,4.831,1.33,69.8759,9649.951,0.3205092,,99.3,74.011,65.545
MDA,2015,11441.34,4.785,1.456,70.118,11691.08,0.27028158,,99.9,74.528,65.595
MDA,2020,12957.872,5.113,1.666,69.9144,13559.26,0.25045705,,100.0,74.223,65.46
MDG,2001,490.902,1.747,0.103,58.6744,1748.5035,0.47435132,,14.8,59.85,57.528
MDG,2005,448.105,1.741,0.091,60.6639,1648.1763,0.39936346,,16.0,61.997,59.366
MDG,2010,400.653,1.872,0.084,62.5967,1635.2451,0.42413926,,12.3,64.148,61.089
MDG,2015,597.422,3.121,0.123,63.3621,1627.5806,,213197.86666666667,23.8,64.984,61.785
MDG,2020,409.262,3.788,0.131,62.706,1545.7272,,711487.1358333332,32.0,64.576,60.916
MDV,2001,8368.709,0.462,1.61,71.6593,12977.999,,,87.5,73.068,70.632
MDV,2005,9641.796,0.601,1.961,74.7846,13942.875,,,90.9,76.321,73.65
MDV,2010,12542.875,0.931,2.579,76.7556,16730.014,,,99.0,78.443,75.531
MDV,2015,15376.939,1.282,2.995,78.6073,18829.447,,,99.8,80.146,77.485
MDV,2020,10118.341,1.678,3.342,78.713,14242.975,,,100.0,80.386,77.514
MEA,2001,,,,,,,,83.27917617,68.32491586,65.01066896
MEA,2005,,,,,,,,85.95790367,69.42274506,65.80631085
MEA,2010,,,,,,,,90.56081986,71.22780287,67.37957641
MEA,2015,,,,,,,,93.43606555,72.33064932,68.19557591
MEA,2020,,,,,,,,96.26212044,72.29762464,67.78591215
MEX,2001,16786.1,407.485,4.071,72.9118,20078.219,,,97.1,75.24,70.562
MEX,2005,19092.105,463.436,4.38,73.6267,20277.256,0.50938904,,98.9,75.877,71.35
MEX,2010,18706.051,456.409,4.017,73.7181,20058.385,0.4765793,,99.2,76.293,71.121
MEX,2015,18215.742,479.434,3.96,74.4315,21408.928,,5486649.933333334,99.0,76.929,71.883
MEX,2020,16329.48,428.937,3.383,70.4492,19728.482,0.44594306,7802682.691666666,99.4,74.109,66.89
MHL,2001,,0.103,2.006,63.7347,4000.7305,,,70.1,66.582,61.432
MHL,2005,,0.114,2.187,64.1124,4075.1587,,,75.7,66.571,62.089
MHL,2010,,0.136,2.604,64.4977,4269.3584,,,89.4,66.746,62.66
MHL,2015,,0.143,2.927,65.2922,4670.1094,,,92.1,67.596,63.419
MHL,2020,,0.147,3.43,65.3873,6417.1846,,,98.3,68.086,63.278
MIC,2001,,,,,,,,77.94322377,68.99649432,64.78183059
MIC,2005,,,,,,,,80.91146188,70.36618558,65.98031856
MIC,2010,,,,,,,,84.99995373,72.02629792,67.52321807
MIC,2015,,,,,,,,89.6960862,73.57232818,68.96378276
MIC,2020,,,,,,,,93.62474771,74.07357988,69.14017353
MKD,2001,14047.031,8.292,4.013,73.0061,11571.174,,,99.0,76.1,70.9
MKD,2005,15592.222,8.596,4.113,73.6075,13353.726,,,99.1,75.9,71.6
MKD,2010,16524.141,8.182,3.988,75.0374,16730.168,0.40065548,,99.5,77.2,72.9
MKD,2015,14884.739,6.72,3.393,75.6289,19214.016,0.35590693,,99.9,77.4,73.5
MKD,2020,14801.469,6.98,3.729,74.4687,20970.287,,,100.0,76.7,72.2
MLI,2001,347.358,1.161,0.098,51.3004,2140.9927,0.3986631,,10.8,51.673,50.911
MLI,2005,316.051,1.458,0.108,53.7925,2314.0151,,,18.2,54.544,53.036
MLI,2010,600.649,2.088,0.131,55.9931,2594.4155,,,27.0,56.893,55.099
MLI,2015,838.407,3.399,0.183,57.8519,2686.5598,,713958.2875,37.6,58.914,56.808
MLI,2020,1235.455,6.33,0.292,58.8577,2796.4104,,1782136.2216666667,50.6,60.316,57.464
MLT,2001,50641.109,2.737,6.794,78.9023,30572.77,,,100.0,81.2,76.6
MLT,2005,50120.121,2.65,6.411,79.4894,32745.594,,,100.0,81.4,77.3
MLT,2010,71879.516,2.619,6.197,81.3977,37492.676,0.2902576,,100.0,83.6,79.3
MLT,2015,65438.219,1.697,3.815,82.5914,46127.62,0.29433772,,100.0,84.1,79.8
MLT,2020,71577.984,1.601,3.089,82.3358,50392.96,0.3140378,,100.0,84.3,80.0
MMR,2001,889.031,8.856,0.193,60.6398,1498.3116,,,43.0,63.799,57.688
MMR,2005,1532.6,11.548,0.243,61.7204,2377.9026,,,47.3,64.778,58.839
MMR,2010,1228.716,13.125,0.268,63.4791,3893.7903,,,48.8,66.456,60.655
MMR,2015,1894.968,21.88,0.428,65.2877,5313.886,0.3806851,518060.3433333333,60.5,68.352,62.376
MMR,2020,2892.35,34.588,0.652,66.6121,5926.8345,,1047089.6583333333,70.4,69.702,63.678
MNA,2001,,,,,,,,82.10416264,67.78184177,64.33303793
MNA,2005,,,,,,,,84.90043374,68.84184228,65.00870254
MNA,2010,,,,,,,,89.78539871,70.63358176,66.49522987
MNA,2015,,,,,,,,92.82776349,71.67818965,67.07249588
MNA,2020,,,,,,,,95.91737028,71.61125938,66.70227669
MNE,2001,,1.627,2.566,73.739,14531.922,,,99.1,76.722,70.588
MNE,2005,,1.934,3.05,74.4252,16325.787,,,99.8,76.8,71.3
MNE,2010,18623.08,2.422,3.832,75.7125,19481.406,,,99.2,78.5,73.6
MNE,2015,17169.984,2.239,3.564,76.5939,21138.977,0.39005032,,99.5,78.6,74.7
MNE,2020,16968.443,2.404,3.954,75.8503,21039.322,0.35412297,,99.9,78.8,73.2
MNG,2001,6804.878,7.804,3.15,63.8055,5917.071,,,71.7,66.26,60.66
MNG,2005,7940.231,8.515,3.322,64.8105,7499.848,,,86.2,68.61,62.11
MNG,2010,12244.412,13.772,5.098,67.1004,9507.119,0.33081213,,78.5,72.26,64.93
MNG,2015,15730.906,23.279,7.821,69.2386,13974.597,,1130908.4008333334,88.0,75.84,66.02
MNG,2020,18992.855,42.478,12.908,70.0291,14801.342,,2005342.4416666667,99.5,76.22,66.71
MNP,2001,0.0,,,75.4188,,,,100.0,77.655,73.512
MNP,2005,0.0,,,77.3067,,,,99.8,79.131,75.749
MNP,2010,0.0,,,77.7996,,,,100.0,79.815,76.177
MNP,2015,0.0,,,77.3596,,,,100.0,79.408,75.691
MNP,2020,0.0,,,78.03,,,,100.0,79.997,76.341
MOZ,2001,738.631,1.554,0.084,50.2593,785.79016,,,5.7,51.488,48.897
MOZ,2005,924.567,1.77,0.087,52.3225,970.38995,,,11.8,53.516,50.956
MOZ,2010,1031.447,2.638,0.115,55.0397,1224.2302,,,18.9,56.403,53.437
MOZ,2015,1990.918,6.731,0.254,58.711,1512.5997,,370058.89999999997,24.0,60.659,56.435
MOZ,2020,1476.8,6.34,0.206,61.3904,1466.1248,,1008679.7466666666,30.6,64.17,58.238
MRT,2001,1940.413,1.172,0.438,61.6617,4847.4106,,,22.2,63.527,59.794
MRT,2005,2229.6,1.434,0.488,63.9197,5445.8296,,,18.2,66.022,61.796
MRT,2010,2552.896,2.094,0.617,65.6606,5605.7637,,,34.2,67.881,63.486
MRT,2015,2800.854,3.002,0.757,66.4982,5969.5425,,610005.8341666666,39.5,68.555,64.559
MRT,2020,4025.501,4.782,1.039,66.7943,5963.2354,,1522490.4533333334,45.4,68.897,64.804
MSR,2001,25434.92,0.026,5.556,73.331,,,,,,
MSR,2005,37017.359,0.04,8.812,74.1851,,,,,,
MSR,2010,56514.594,0.059,12.165,74.6831,,,,,,
MSR,2015,51588.824,0.051,10.93,75.1277,,,,,,
MSR,2020,22978.65,0.022,4.851,75.5677,,,,,,
MTQ,2001,22638.729,,,78.4308,,,,,,
MTQ,2005,23778.404,,,80.2172,,,,,,
MTQ,2010,24997.469,,,81.1379,,,,,,
MTQ,2015,0.0,,,82.0308,,,,,,
MTQ,2020,0.0,,,80.2672,,,,,,
MUS,2001,13333.299,2.862,2.334,71.9853,13659.635,,,99.2,75.3,68.4
MUS,2005,14340.785,3.294,2.62,72.6439,15205.661,,,99.0,75.91,69.12
MUS,2010,16275.696,3.913,3.051,73.6475,18819.998,,,99.4,76.65,69.46
MUS,2015,18059.736,4.21,3.258,74.673,22335.283,,,99.6,77.79,71.08
MUS,2020,17048.23,3.8,2.961,74.6572,21994.666,,,99.5,77.66,70.86
MWI,2001,401.73,0.777,0.067,47.2049,1149.5804,,,5.2,48.742,45.672
MWI,2005,367.862,0.845,0.066,52.4693,1214.7427,,,6.6,54.275,50.646
MWI,2010,420.678,0.972,0.066,57.787,1504.3751,0.45473015,,8.7,59.898,55.634
MWI,2015,361.837,1.05,0.061,62.324,1597.6914,,62325.65583333333,10.8,65.244,59.398
MWI,2020,400.503,1.868,0.096,65.2159,1656.4398,,153060.43083333332,11.5,68.813,61.676
MYS,2001,26646.211,130.89,5.564,73.08,18186.441,,,98.6,75.878,70.584
MYS,2005,32374.359,169.978,6.579,74.3699,20767.586,,,98.7,77.112,71.927
MYS,2010,32635.248,199.346,6.957,75.3761,23307.97,,,99.5,78.063,73.004
MYS,2015,35686.098,235.942,7.554,75.2876,27699.627,0.410664,1355409.625,99.9,78.032,72.9
MYS,2020,35317.566,262.159,7.736,76.0566,29200.453,,1540653.0241666667,100.0,78.769,73.688
MYT,2001,,,,76.5265,,,,,,
MYT,2005,,,,77.1305,,,,,,
MYT,2010,,,,78.2501,,,,,,
MYT,2015,,,,76.8827,,,,,,
MYT,2020,,,,74.2126,,,,,,
NAC,2001,,,,,,,,100.0,79.74677723,74.5563952
NAC,2005,,,,,,,,100.0,80.33967734,75.27605508
NAC,2010,,,,,,,,100.0,81.25353091,76.49606407
NAC,2015,,,,,,,,100.0,81.47170706,76.65216685
NAC,2020,,,,,,,,100.0,80.31071479,74.72361412
NAM,2001,6452.327,2.231,1.202,51.9803,7786.5415,,,36.0,53.612,50.204
NAM,2005,6712.933,2.532,1.287,52.557,9245.137,,,39.6,54.288,50.694
NAM,2010,7701.206,2.788,1.322,56.0935,10614.62,,,44.4,58.672,53.434
NAM,2015,8520.717,3.394,1.429,60.0083,12166.565,0.5906661,255100.21083333332,51.6,63.105,56.845
NAM,2020,6684.18,3.44,1.261,64.0712,9652.248,,1000701.9991666666,52.3,68.035,60.162
NCL,2001,38829.062,1.877,8.241,73.9577,,,,100.0,77.17,71.006
NCL,2005,46069.477,2.806,11.482,74.8671,,,,100.0,77.976,71.973
NCL,2010,54485.336,3.658,13.983,75.9915,,,,100.0,79.208,73.05
NCL,2015,66980.914,4.877,17.222,77.2055,,,,100.0,80.174,74.424
NCL,2020,67659.969,5.109,17.978,77.0494,,,,100.0,79.53,74.657
NER,2001,272.512,0.646,0.054,49.8722,1233.0651,,,8.4,50.171,49.512
NER,2005,285.7,0.691,0.05,53.3203,1233.8755,0.44387317,,7.1,53.699,52.887
NER,2010,416.406,1.16,0.07,57.0796,1336.5641,,,13.6,57.615,56.513
NER,2015,518.867,2.199,0.11,58.8498,1471.6614,,541632.5483333333,16.6,59.731,57.971
NER,2020,464.737,3.04,0.128,59.8903,1615.6927,,1535576.6741666666,18.7,61.018,58.797
NGA,2001,1880.878,100.218,0.772,47.5493,3392.0354,,,43.9,48.231,46.869
NGA,2005,2102.18,101.666,0.701,49.5377,4372.9756,,,46.8,50.078,48.994
NGA,2010,1445.279,112.05,0.672,51.3145,5359.5186,0.3565021,,48.0,51.768,50.853
NGA,2015,2458.866,110.525,0.58,51.9394,5985.094,0.3587978,1460756.3916666666,52.5,52.243,51.626
NGA,2020,2221.549,124.899,0.584,53.0724,5410.6934,,2020410.4916666665,55.4,53.432,52.707
NIC,2001,3275.789,3.909,0.768,67.0281,4958.3276,0.5287477,,72.2,70.054,63.963
NIC,2005,3518.657,4.253,0.796,70.3745,5356.9585,0.48820037,,73.8,73.398,67.315
NIC,2010,3465.252,4.453,0.776,71.7608,5701.128,,,80.1,74.684,68.777
NIC,2015,4094.444,5.408,0.879,72.8989,6939.0327,,103781.07583333332,83.2,75.642,70.067
NIC,2020,2969.404,4.641,0.707,70.7662,6523.3696,,212682.77500000002,86.0,74.03,67.603
NIU,2001,14758.186,0.007,3.651,66.7003,,,,,,
NIU,2005,15010.139,0.004,1.982,66.9773,,,,,,
NIU,2010,13821.896,0.004,2.052,67.6513,,,,,,
NIU,2015,17953.883,0.007,4.064,68.6111,,,,,,
NIU,2020,18402.557,0.007,4.022,69.4704,,,,,,
NLD,2001,64609.707,177.464,10.966,78.3379,56887.434,,,100.0,80.7,75.8
NLD,2005,67549.203,178.13,10.818,79.488,58422.01,0.2904823,,100.0,81.6,77.2
NLD,2010,69801.305,182.479,10.88,80.8293,61518.555,0.2784524,,100.0,82.7,78.8
NLD,2015,60001.469,163.958,9.584,81.49,63081.395,0.2824158,1224743.4749999999,100.0,83.2,79.9
NLD,2020,56095.773,136.974,7.766,81.3931,64862.19,0.2599421,1187086.7249999999,100.0,83.1,79.7
NOR,2001,115021.117,43.519,9.642,78.8958,78791.305,,,100.0,81.5,76.2
NOR,2005,120793.703,43.279,9.361,80.1695,84080.0,0.30597028,,100.0,82.5,77.7
NOR,2010,101845.164,45.659,9.339,81.0392,83256.79,0.25723708,,100.0,83.2,78.9
NOR,2015,105837.883,45.523,8.772,82.2728,85550.3,0.27496755,1689604.7683333333,100.0,84.2,80.5
NOR,2020,103431.453,41.275,7.673,83.1953,86096.055,0.28392884,1469976.9225,100.0,84.9,81.6
NPL,2001,478.172,3.236,0.13,63.2881,2413.8142,,,24.6,64.964,61.663
NPL,2005,495.115,2.987,0.114,65.2755,2580.231,,,46.1,67.317,63.301
NPL,2010,646.763,4.828,0.177,66.7724,3085.314,0.32840586,,68.6,68.35,65.207
NPL,2015,757.94,6.905,0.248,67.3736,3745.2617,,164110.5975,82.0,68.593,66.146
NPL,2020,1574.517,15.631,0.54,69.1065,4412.542,,294093.34500000003,89.9,70.772,67.453
NRU,2001,41048.137,0.081,7.944,59.4823,8394.085,,,99.0,63.101,57.181
NRU,2005,31986.508,0.062,6.185,59.3608,7284.041,,,99.0,62.849,57.049
NRU,2010,23692.006,0.044,4.368,60.0741,6966.7856,,,99.2,63.563,57.486
NRU,2015,30402.252,0.055,5.008,60.8969,11344.103,,,99.0,64.171,58.219
NRU,2020,26778.031,0.055,4.712,61.5271,11441.259,,,100.0,64.025,59.277
NZL,2001,58453.16,34.356,8.828,78.6615,36885.645,,,100.0,81.1,76.4
NZL,2005,55323.238,37.401,9.045,80.0308,40848.297,,,100.0,81.9,77.9
NZL,2010,54082.043,34.787,8.001,81.0517,41270.93,,,100.0,82.8,79.1
NZL,2015,54663.621,35.805,7.76,81.5866,44963.832,,312964.54833333334,100.0,83.4,79.91
NZL,2020,47201.203,34.109,6.728,82.6628,46104.605,,554142.7091666666,100.0,84.1,80.5
OED,2001,,,,,,,,99.66052259,80.21059071,74.16702725
OED,2005,,,,,,,,99.73907344,80.92396431,75.11335646
OED,2010,,,,,,,,99.80762621,81.89569816,76.32218713
OED,2015,,,,,,,,99.83935774,82.46452785,77.17009683
OED,2020,,,,,,,,99.93298036,81.89202184,76.1693793
OMN,2001,53325.875,22.512,9.744,73.9788,43492.285,,,100.0,76.921,72.103
OMN,2005,63470.828,31.835,12.942,75.0705,41551.14,,,99.9,77.989,73.114
OMN,2010,85980.578,51.429,18.651,77.1844,48191.613,,,100.0,79.591,75.394
OMN,2015,80629.938,67.883,16.221,79.3457,39813.79,,1273077.2833333334,100.0,81.282,77.87
OMN,2020,79946.398,71.845,15.886,77.7634,37560.6,,1528463.2583333335,100.0,79.477,76.524
OSS,2001,,,,,,,,72.86553764,69.43600988,63.99220287
OSS,2005,,,,,,,,75.79847568,70.22144402,65.08185292
OSS,2010,,,,,,,,79.84327786,72.18758267,67.13242822
OSS,2015,,,,,,,,86.45203305,74.03874872,69.10114572
OSS,2020,,,,,,,,92.8384985,75.24777087,69.9968188
PAK,2001,3108.856,105.401,0.662,62.2406,3559.7278,0.2865302,,73.9,63.335,61.311
PAK,2005,3655.327,129.947,0.741,62.4163,4042.1545,0.31261253,,78.1,63.926,61.115
PAK,2010,3761.662,147.504,0.74,64.3784,4228.7817,0.28780863,,87.1,66.746,62.316
PAK,2015,3816.6,144.896,0.667,65.6406,4645.286,0.31291267,1565684.8575,91.0,68.086,63.463
PAK,2020,4083.672,215.51,0.917,65.7015,5135.0146,,2542100.1999999997,94.5,68.447,63.281
PAN,2001,20579.988,6.909,2.251,73.8197,14427.83,0.56695515,,81.5,77.073,70.747
PAN,2005,18730.119,6.742,2.035,75.1604,16867.96,0.5379738,,84.1,78.401,72.045
PAN,2010,23041.994,9.06,2.497,76.417,22739.111,0.51608574,,86.9,79.934,73.034
PAN,2015,25493.914,10.652,2.69,77.5827,29933.156,0.5080543,125901.255,91.6,80.609,74.621
PAN,2020,19829.928,6.557,1.527,76.3302,26881.799,,204795.74750000003,95.3,79.822,73.104
PER,2001,5417.33,25.26,0.937,70.315,7611.6665,0.5130155,,72.1,72.113,68.59
PER,2005,5826.454,30.321,1.079,71.9882,8949.954,0.50449,,77.2,74.24,69.896
PER,2010,7745.535,42.505,1.461,72.8858,12059.018,0.4553765,,88.1,75.234,70.704
PER,2015,9247.936,49.204,1.615,75.7316,14542.793,0.43356055,852430.2941666666,93.9,78.028,73.556
PER,2020,8766.584,47.237,1.438,73.8315,13609.6,0.4373981,1958289.0416666667,96.2,77.976,70.397
PHL,2001,3695.906,69.799,0.857,67.8286,4778.401,,,75.7,71.2,64.384
PHL,2005,3628.223,72.334,0.822,68.4231,5386.8164,,,79.8,72.143,64.666
PHL,2010,3539.977,82.246,0.854,68.8833,6273.039,,,85.5,72.112,65.534
PHL,2015,4220.298,111.046,1.054,69.4501,7691.763,0.40351498,382205.30083333334,89.1,72.527,66.271
PHL,2020,4583.802,131.457,1.173,70.0974,8455.185,,668879.73,96.4,72.76,67.421
PLW,2001,,0.213,10.966,64.8001,16295.897,,,98.0,69.659,61.326
PLW,2005,,0.224,11.267,66.2193,17382.299,,,98.9,70.535,62.892
PLW,2010,,0.209,11.338,68.3473,16530.846,,,98.8,72.18,65.213
PLW,2015,,0.202,11.327,69.0702,20021.314,,,99.5,72.604,66.11
PLW,2020,,0.209,11.722,68.6889,18160.254,,,100.0,71.926,66.09
PNG,2001,2688.382,3.336,0.582,61.6465,3211.7593,,,12.7,63.867,59.846
PNG,2005,3044.417,4.984,0.763,61.8678,3136.5857,,,14.1,64.023,60.149
PNG,2010,2536.663,4.715,0.618,63.0557,3579.1714,,,19.5,65.467,61.174
PNG,2015,2863.987,6.316,0.722,64.473,4154.5234,,160568.93416666667,18.4,67.516,62.121
PNG,2020,2062.198,7.911,0.806,65.075,4077.6313,,454850.90750000003,20.5,68.368,62.568
POL,2001,26419.02,313.267,8.191,74.1771,18800.602,,,100.0,78.4,70.2
POL,2005,27854.562,322.577,8.461,75.127,21568.947,0.35808384,,99.8,79.4,70.8
POL,2010,30377.77,334.028,8.768,76.2823,27112.133,0.3321481,,100.0,80.6,72.1
POL,2015,28824.684,312.549,8.168,77.5894,31700.37,0.3175091,1643413.7083333333,100.0,81.6,73.5
POL,2020,29845.576,302.102,7.914,76.5951,37852.8,0.284626,1948944.0166666666,100.0,80.6,72.4
PRE,2001,,,,,,,,26.18499097,53.57064812,50.93763328
PRE,2005,,,,,,,,29.75295059,55.75405369,52.98871604
PRE,2010,,,,,,,,32.71960372,58.52423998,55.71669245
PRE,2015,,,,,,,,40.11966867,60.55125053,57.33548746
PRE,2020,,,,,,,,48.38657662,62.50967861,58.55656445
PRI,2001,36863.973,,,75.9715,39568.555,,,100.0,79.867,72.067
PRI,2005,39673.668,,,76.7028,42555.707,,,100.0,80.267,73.086
PRI,2010,26313.461,,,78.7174,40777.688,,,100.0,82.179,75.202
PRI,2015,26457.244,,,80.6775,41737.605,,,100.0,84.04,77.214
PRI,2020,21308.721,,,80.009,40171.387,,,100.0,83.951,76.021
PRK,2001,12439.409,71.668,3.009,60.8926,,,,,63.914,57.579
PRK,2005,12027.496,75.01,3.075,69.1675,,,,,72.813,65.273
PRK,2010,8815.306,65.355,2.616,70.2456,,,,29.3,73.257,67.008
PRK,2015,4766.551,31.278,1.223,72.8253,,,,40.0,74.992,70.435
PRK,2020,8332.396,65.577,2.509,72.7826,,,,50.5,75.691,69.851
PRT,2001,28855.48,65.187,6.296,77.1517,35500.227,,,100.0,80.4,73.4
PRT,2005,28398.053,69.64,6.63,78.3169,35870.31,0.38480073,,100.0,81.4,74.9
PRT,2010,28747.137,52.89,5.0,80.1149,36703.113,0.35844672,,100.0,82.1,76.1
PRT,2015,27918.615,52.233,5.037,81.3213,35803.355,0.355233,973223.06,100.0,84.3,78.1
PRT,2020,25577.227,41.738,4.025,81.3664,36852.227,0.3466863,966957.7141666667,100.0,84.3,78.5
PRY,2001,3921.142,3.687,0.711,70.2808,9749.259,0.5462631,,91.0,72.559,68.106
PRY,2005,4012.88,3.772,0.692,71.3174,10290.101,0.5138112,,94.7,73.744,69.01
PRY,2010,5318.663,5.011,0.873,72.5506,12738.576,0.5098244,,97.4,75.257,70.004
PRY,2015,6838.856,6.045,0.982,73.4535,14427.601,0.47605732,534539.9925,99.3,76.517,70.579
PRY,2020,7560.722,7.444,1.127,72.7197,14991.66,0.43481943,976106.2575,99.7,76.063,69.652
PSE,2001,2412.255,1.345,0.415,69.75,3996.5088,,,99.1,72.585,67.077
PSE,2005,4070.384,2.737,0.769,72.0041,4885.0728,0.34742624,,99.6,73.869,70.188
PSE,2010,3223.273,2.034,0.506,73.3018,5432.2437,0.3529443,,99.9,75.104,71.552
PSE,2015,4048.881,3.001,0.664,74.5773,6072.6504,,,99.9,76.733,72.512
PSE,2020,4169.677,3.327,0.656,74.9978,5423.6826,,,100.0,77.603,72.573
PSS,2001,,,,,,,,56.63281344,69.65851699,64.7764116
PSS,2005,,,,,,,,62.24143705,69.69997509,65.10683202
PSS,2010,,,,,,,,71.79612527,70.25328528,65.84403637
PSS,2015,,,,,,,,78.5477895,70.40966889,66.0896833
PSS,2020,,,,,,,,86.19398113,70.69073162,66.28185598
PST,2001,,,,,,,,99.72555931,80.81331117,74.62068301
PST,2005,,,,,,,,99.80642107,81.48724483,75.50153863
PST,2010,,,,,,,,99.88015241,82.56569428,76.9318785
PST,2015,,,,,,,,99.94473419,83.17735403,77.82903395
PST,2020,,,,,,,,99.99724013,82.91719135,77.34448369
PYF,2001,15151.723,0.769,3.152,79.3158,,,,100.0,81.907,76.887
PYF,2005,16608.207,0.832,3.205,79.9511,,,,100.0,82.616,77.474
PYF,2010,17061.68,0.923,3.412,81.1407,,,,100.0,83.856,78.674
PYF,2015,15856.865,0.846,3.046,82.3393,,,,100.0,84.998,79.917
PYF,2020,11563.835,0.832,2.979,82.4588,,,,100.0,85.448,79.855
QAT,2001,191224.109,45.914,67.727,75.4858,92115.83,,,100.0,76.388,74.899
QAT,2005,270994.062,47.682,57.767,76.9088,107784.52,,,100.0,77.918,76.21
QAT,2010,196229.125,73.651,43.09,79.4438,129045.01,,,100.0,80.533,78.742
QAT,2015,245300.703,93.31,38.441,81.785,123070.89,,,100.0,82.837,81.093
QAT,2020,183125.625,101.329,36.145,80.4095,103061.914,,,100.0,82.165,79.421
REU,2001,13327.377,,,77.145,,,,,,
REU,2005,14071.956,,,77.9525,,,,,,
REU,2010,15003.734,,,80.474,,,,,,
REU,2015,0.0,,,81.9118,,,,,,
REU,2020,0.0,,,82.5765,,,,,,
ROU,2001,19393.592,98.928,4.513,71.1223,15846.603,,,94.6,74.9,67.6
ROU,2005,21705.629,101.337,4.777,71.5808,20568.717,,,95.6,75.6,68.4
ROU,2010,19401.607,84.488,4.135,73.5793,24900.23,0.35471106,,97.1,77.3,69.8
ROU,2015,19180.529,78.046,3.928,74.7371,29178.744,0.3591363,655106.7408333333,98.8,78.6,71.4
ROU,2020,19053.244,73.946,3.813,74.0464,35482.195,0.34570205,938524.7083333334,100.0,78.3,70.4
RUS,2001,50153.344,1518.081,10.389,65.0151,21219.904,0.36924985,,97.9,72.17,58.92
RUS,2005,51894.988,1563.98,10.816,65.2185,27656.658,0.41265598,,98.0,72.47,58.92
RUS,2010,54290.25,1633.147,11.346,68.1526,33063.586,0.39548978,,99.3,74.88,63.09
RUS,2015,54577.719,1635.244,11.254,71.3449,35037.152,0.37710539,51874396.54416666,95.5,76.71,65.92
RUS,2020,55172.816,1631.902,11.149,71.1705,36376.336,0.36068243,54155260.15,99.9,76.43,66.49
RWA,2001,322.999,0.519,0.063,49.4897,1093.1841,,,4.7,50.888,47.956
RWA,2005,289.584,0.514,0.057,56.9683,1360.2959,0.5202114,,4.8,58.444,55.309
RWA,2010,305.013,0.581,0.056,62.804,1779.1586,0.47221914,,9.7,64.476,60.927
RWA,2015,390.747,0.967,0.083,65.4188,2238.5393,,24378.66916666667,22.8,67.386,63.226
RWA,2020,439.896,1.394,0.107,66.9534,2520.3174,,50180.54666666667,45.2,69.063,64.638
SAS,2001,,,,,,,,58.34852132,64.42719612,62.17680706
SAS,2005,,,,,,,,65.85364602,66.5977086,63.77920435
SAS,2010,,,,,,,,74.07657363,69.04180494,65.80043805
SAS,2015,,,,,,,,86.53277846,71.19876368,67.94853757
SAS,2020,,,,,,,,96.40136174,72.19451344,68.68516426
SAU,2001,83463.625,324.374,19.034,72.9505,53309.113,,,100.0,74.689,71.55
SAU,2005,88089.555,412.234,20.05,74.4004,54931.793,,,100.0,76.359,72.985
SAU,2010,97432.062,555.64,22.087,75.6161,54911.547,,,100.0,78.038,74.113
SAU,2015,101972.836,624.547,20.836,77.7762,58498.54,,,100.0,79.678,76.583
SAU,2020,93196.031,653.565,21.089,77.5962,57420.734,,,100.0,80.055,76.014
SDN,2001,1082.418,6.018,0.211,59.2641,3701.5488,,,29.4,61.911,56.85
SDN,2005,1593.218,10.558,0.338,57.2263,4152.3228,,,30.5,61.071,53.81
SDN,2010,2158.835,15.07,0.426,62.9792,4219.837,,,36.0,65.659,60.572
SDN,2015,1915.483,14.247,0.356,64.3746,4159.1943,,858104.7766666667,48.0,67.342,61.688
SDN,2020,1732.916,19.8,0.423,65.1237,3401.2498,,2474115.42,59.7,68.153,62.413
SEN,2001,2123.862,4.258,0.417,58.158,3149.331,0.41229436,,38.9,59.736,56.559
SEN,2005,2171.313,5.539,0.493,60.9801,3301.8208,0.39212894,,47.1,62.591,59.345
SEN,2010,2088.496,6.862,0.543,64.2214,3403.5671,,,56.5,66.18,62.264
SEN,2015,2501.015,9.845,0.675,66.4511,3593.7947,,146663.6925,60.5,68.336,64.589
SEN,2020,2213.908,10.82,0.644,67.4961,4018.0413,,334749.54250000004,64.3,69.693,65.485
SGP,2001,121648.578,38.525,9.359,78.2668,65784.4,,,100.0,80.3,76.3
SGP,2005,127052.867,39.6,9.278,80.2706,81841.16,,,100.0,82.5,77.6
SGP,2010,156004.969,44.4,8.745,81.6472,95456.19,,,100.0,84.0,79.2
SGP,2015,164989.938,49.4,8.941,82.7479,108953.73,,,100.0,85.1,80.5
SGP,2020,162518.469,46.7,8.309,83.6607,115893.04,,,100.0,85.9,81.3
SHN,2001,8663.092,0.011,1.843,76.0621,,,,,,
SHN,2005,7808.179,0.011,1.973,77.1658,,,,,,
SHN,2010,8232.923,0.011,2.054,76.5108,,,,,,
SHN,2015,7151.98,0.011,1.988,75.1995,,,,,,
SHN,2020,8225.947,0.011,2.017,76.8925,,,,,,
SLB,2001,2460.122,0.238,0.53,67.2365,2055.2922,,,7.6,69.811,65.157
SLB,2005,2692.756,0.282,0.584,67.79,2287.26,0.46087635,,19.2,70.133,65.843
SLB,2010,2920.622,0.333,0.626,68.6694,2682.2854,,,35.4,70.687,66.941
SLB,2015,2167.427,0.297,0.464,69.3234,2664.7305,,7080.799166666667,55.1,70.907,67.928
SLB,2020,1751.858,0.293,0.394,69.2577,2515.1284,,27170.2175,72.9,70.977,67.776
SLE,2001,495.196,0.374,0.08,45.4476,1750.9247,,,8.5,46.612,44.276
SLE,2005,393.414,0.432,0.079,48.306,2298.7239,,,11.3,49.18,47.412
SLE,2010,437.286,0.546,0.088,51.9272,2461.981,,,11.5,52.891,50.941
SLE,2015,585.57,1.084,0.154,55.454,2630.535,,44090.005000000005,19.7,56.338,54.54
SLE,2020,580.419,1.187,0.15,59.6935,2755.1025,,97549.0775,26.3,61.202,58.186
SLV,2001,4427.621,5.829,0.977,67.9645,7580.323,0.5134626,,87.1,72.505,63.382
SLV,2005,4925.646,6.262,1.043,69.3356,8050.5347,0.48471633,,87.5,74.024,64.53
SLV,2010,5024.559,6.287,1.036,70.9088,8648.93,0.4351326,,91.6,75.186,66.381
SLV,2015,5442.924,6.637,1.073,70.9524,9646.154,0.40551814,63622.865,95.4,75.666,65.986
SLV,2020,5385.475,6.135,0.984,70.2436,9692.449,,79626.78833333333,99.7,74.716,65.467
SMR,2001,,,,80.8028,80420.77,,,100.0,82.944,78.531
SMR,2005,,,,81.9256,81632.17,,,100.0,83.871,79.814
SMR,2010,,,,83.4638,68669.25,,,100.0,85.327,81.395
SMR,2015,,,,84.5959,59647.66,,,100.0,86.266,82.74
SMR,2020,,,,82.6495,55998.07,,,100.0,85.115,80.262
SOM,2001,327.818,0.542,0.059,50.8291,723.1202,,,4.7,52.267,49.407
SOM,2005,309.434,0.649,0.061,50.8937,830.50916,,,15.0,52.42,49.393
SOM,2010,277.696,0.777,0.063,48.8996,994.86847,,,52.3,50.797,47.07
SOM,2015,256.091,0.923,0.067,55.0555,1343.443,,,51.2,57.135,53.037
SOM,2020,191.22,1.14,0.068,57.0948,1396.0535,,,49.9,59.176,55.076
SPM,2001,44953.785,0.055,8.725,75.1069,,,,,,
SPM,2005,56694.363,0.062,10.146,75.8029,,,,,,
SPM,2010,62079.117,0.062,10.301,76.3546,,,,,,
SPM,2015,67376.93,0.066,11.045,76.4825,,,,,,
SPM,2020,49460.719,0.062,10.644,76.6183,,,,,,
SRB,2001,,42.541,5.56,72.2745,11878.513,,,99.8,75.0,69.6
SRB,2005,,50.058,6.64,73.1151,15076.717,,,99.7,75.6,70.2
SRB,2010,24183.061,45.694,6.178,74.3762,17840.436,,,99.7,77.0,71.8
SRB,2015,23759.654,43.897,6.116,75.653,18246.79,0.40460244,422216.695,99.9,77.9,72.8
SRB,2020,25773.639,45.356,6.566,74.5065,21477.877,0.3495087,547266.9808333333,100.0,77.5,71.6
SSA,2001,,,,,,,,27.94217377,53.3912587,50.69493249
SSA,2005,,,,,,,,31.08793481,55.11577625,52.54725427
SSA,2010,,,,,,,,34.21042533,58.25525409,55.35254326
SSA,2015,,,,,,,,40.34340266,60.63281862,57.21922696
SSA,2020,,,,,,,,48.25085173,62.64826338,58.64290634
SSD,2001,,0.511,0.081,48.5505,,,,,49.512,47.502
SSD,2005,,0.882,0.116,53.9646,,,,,54.473,53.393
SSD,2010,,1.27,0.13,57.4848,,,,1.5,58.546,56.369
SSD,2015,720.266,1.913,0.172,39.7565,,,,4.8,42.868,36.935
SSD,2020,628.459,1.707,0.16,57.6479,,,,7.3,60.46,54.843
SSF,2001,,,,,,,,26.1606628,53.26504336,50.70516015
SSF,2005,,,,,,,,29.35296297,55.17244939,52.60423193
SSF,2010,,,,,,,,33.33524759,58.62939096,55.57778604
SSF,2015,,,,,,,,39.19965002,61.20922824,57.60271585
SSF,2020,,,,,,,,48.54503895,63.32898464,59.06762251
SST,2001,,,,,,,,75.15456809,70.02091452,64.54556648
SST,2005,,,,,,,,77.67836763,70.7623235,65.4761375
SST,2010,,,,,,,,82.19972974,72.41724099,67.16600717
SST,2015,,,,,,,,87.68139289,73.81586731,68.62466176
SST,2020,,,,,,,,93.11959458,74.69526119,69.19172408
STP,2001,1809.498,0.051,0.35,61.4996,3907.0193,,,51.5,63.562,59.493
STP,2005,2498.53,0.077,0.476,62.4344,4371.497,,,55.8,64.571,60.365
STP,2010,3045.496,0.106,0.584,63.8667,4882.048,0.3082127,,61.4,66.534,61.4
STP,2015,3140.185,0.136,0.677,66.0231,5210.2036,,1901.7700000000002,67.3,69.312,63.133
STP,2020,2926.981,0.143,0.657,67.979,5742.9473,,2538.4058333333332,76.8,72.049,64.591
SUR,2001,13947.795,2.363,4.857,64.8201,16556.943,,,95.3,68.025,61.931
SUR,2005,14969.416,1.586,3.054,66.9974,19220.283,,,94.9,70.235,64.13
SUR,2010,21009.275,2.375,4.319,69.6262,22772.475,,,91.2,73.085,66.49
SUR,2015,16462.0,2.714,4.666,70.5671,23327.525,,81998.16166666667,95.0,73.939,67.451
SUR,2020,15336.503,2.922,4.772,72.3208,19091.361,,194239.9825,98.4,76.22,68.639
SVK,2001,41744.145,43.273,8.044,73.5706,18906.564,,,100.0,77.5,69.5
SVK,2005,42083.348,42.857,7.971,74.1562,23257.13,0.29296494,,99.9,77.9,70.1
SVK,2010,38113.363,38.464,7.134,75.4963,29745.861,0.2731572,,100.0,78.8,71.6
SVK,2015,33760.602,34.528,6.37,76.6505,33507.727,0.26491237,160250.48083333333,100.0,80.2,73.1
SVK,2020,33203.672,31.176,5.715,76.8643,36201.414,0.24219425,218381.03833333333,100.0,80.4,73.5
SVN,2001,41329.156,16.309,8.197,76.1809,30864.86,,,100.0,79.6,72.1
SVN,2005,42721.434,16.942,8.484,77.5029,35567.305,0.24634741,,100.0,81.3,74.1
SVN,2010,42339.875,16.466,8.053,79.3008,38065.734,0.24933259,,100.0,82.7,76.3
SVN,2015,36271.441,13.659,6.631,80.4994,38537.094,0.25408465,66879.92666666667,100.0,83.9,77.8
SVN,2020,36765.824,12.873,6.123,80.3641,42474.227,0.24031529,92810.22916666667,100.0,83.4,77.8
SWE,2001,78210.195,55.782,6.27,79.8363,48396.45,0.2654536,,100.0,82.1,77.6
SWE,2005,74532.82,53.787,5.957,80.6213,53205.88,0.26821017,,100.0,82.8,78.4
SWE,2010,66295.906,53.029,5.654,81.519,55527.94,0.27736148,,100.0,83.5,79.5
SWE,2015,63479.344,43.31,4.42,82.1844,58975.977,0.2920968,1957212.3166666667,100.0,84.1,80.4
SWE,2020,57977.688,36.622,3.537,82.4271,59572.477,0.28870603,1763010.705,100.0,84.2,80.6
SWZ,2001,6569.973,1.099,1.046,46.3442,6197.5034,,,26.9,47.597,45.019
SWZ,2005,5940.738,1.015,0.941,43.9581,7189.969,,,34.2,45.096,42.765
SWZ,2010,5579.266,0.997,0.897,48.331,8210.697,,,45.6,49.697,46.9
SWZ,2015,4938.966,0.85,0.744,54.9407,9253.291,,30943.600833333334,64.1,57.201,52.622
SWZ,2020,5728.508,0.989,0.829,59.8618,9727.514,,52245.84333333333,80.0,62.79,56.924
SXM,2001,,0.563,18.298,74.5246,,,,99.9,76.763,72.326
SXM,2005,,0.564,17.594,74.6812,,,,99.7,77.317,72.122
SXM,2010,,0.449,13.278,74.8212,52140.6,,,100.0,77.902,71.933
SXM,2015,,0.744,19.84,75.8992,51375.6,,,100.0,79.016,73.076
SXM,2020,,0.652,15.897,75.0023,39265.76,,,100.0,78.535,72.082
SYC,2001,47837.551,0.341,4.027,71.4292,20147.418,,,94.4,79.4,67.4
SYC,2005,50068.586,0.381,4.268,71.9209,19917.12,,,95.5,77.1,67.4
SYC,2010,44168.949,0.44,4.629,72.4771,21708.756,,,97.0,77.5,69.1
SYC,2015,42168.105,0.498,4.646,72.2854,27032.209,,,100.0,78.7,70.1
SYC,2020,29891.336,0.597,4.965,74.0912,30056.2,,,100.0,82.0,72.7
SYR,2001,12221.506,51.343,3.011,71.2958,7698.397,,,93.1,73.171,69.558
SYR,2005,14674.169,51.162,2.719,72.7966,8828.946,,,92.0,74.85,70.906
SYR,2010,13154.213,62.057,2.76,73.5417,9546.561,,,92.7,75.618,71.614
SYR,2015,6244.639,31.115,1.602,63.2651,5302.074,,313575.44416666665,90.0,70.646,57.195
SYR,2020,5342.444,32.344,1.537,71.944,4633.3496,,578541.8658333333,89.0,74.808,69.174
TCA,2001,15691.19,0.114,5.794,74.4085,,,,94.9,76.566,72.541
TCA,2005,21253.766,0.187,7.782,75.9539,,,,96.0,78.34,73.825
TCA,2010,25711.342,0.282,9.479,76.784,17000.223,,,100.0,78.954,74.786
TCA,2015,23315.93,0.315,8.602,77.3211,17201.771,,,100.0,79.539,75.257
TCA,2020,41740.082,0.359,8.086,77.4989,19702.537,,,99.4,79.999,75.188
TCD,2001,112.52,0.506,0.057,48.3056,1620.5527,,,3.4,49.368,47.222
TCD,2005,106.129,0.929,0.09,48.86,2695.812,,,4.8,49.866,47.851
TCD,2010,126.467,1.236,0.1,50.1067,2717.5076,,,6.4,51.096,49.111
TCD,2015,287.978,2.352,0.161,51.3196,2823.3606,,534058.9825,7.7,52.548,50.105
TCD,2020,429.684,2.356,0.137,53.0818,2513.0159,,1567622.6366666667,10.9,54.893,51.341
TEA,2001,,,,,,,,91.67991579,73.87280752,68.68383875
TEA,2005,,,,,,,,92.84539737,75.16419346,69.86948132
TEA,2010,,,,,,,,95.89860188,76.49730691,71.25650353
TEA,2015,,,,,,,,97.33504701,77.80871734,72.30257234
TEA,2020,,,,,,,,98.15217125,78.72331372,72.9215737
TEC,2001,,,,,,,,98.35052089,73.46868358,63.82150203
TEC,2005,,,,,,,,98.56828715,74.15662361,64.42716195
TEC,2010,,,,,,,,99.32870496,75.99159316,67.10248627
TEC,2015,,,,,,,,98.33244392,77.59313136,69.25033303
TEC,2020,,,,,,,,99.95209896,77.33389034,69.16830267
TGO,2001,760.455,1.159,0.22,54.7456,2059.105,,,19.6,55.403,54.071
TGO,2005,902.274,1.722,0.295,55.9159,1944.7795,,,26.5,56.508,55.307
TGO,2010,1692.549,2.596,0.386,57.2266,1988.9521,,,30.8,57.547,56.887
TGO,2015,797.569,1.798,0.235,59.2201,2317.5479,0.43028906,46066.9675,44.7,59.498,58.923
TGO,2020,1042.044,2.751,0.317,61.1225,2490.053,,100946.28416666666,54.1,61.445,60.781
THA,2001,12289.004,172.267,2.706,71.5198,11901.318,,,90.4,75.591,67.652
THA,2005,15467.404,214.325,3.246,72.8938,14458.255,,,92.8,76.61,69.343
THA,2010,17198.242,241.019,3.514,75.0117,16730.37,0.3940277,,99.7,78.738,71.434
THA,2015,19526.961,277.099,3.928,76.5631,18811.998,0.35987332,1737820.2750000001,99.6,80.858,72.464
THA,2020,19257.488,271.923,3.796,77.3314,19957.258,0.34985816,2419406.9833333334,100.0,81.904,72.971
TJK,2001,5201.689,2.287,0.357,64.197,1467.3988,,,98.6,66.215,62.166
TJK,2005,5358.06,2.441,0.352,66.5313,1965.3002,,,99.3,69.12,63.983
TJK,2010,3551.308,2.535,0.331,68.3698,2449.2737,,,98.8,71.074,65.663
TJK,2015,3966.005,5.307,0.614,69.6647,3041.4448,0.33995536,175136.58166666667,98.0,72.156,67.155
TJK,2020,4753.322,9.423,0.967,68.6054,3724.749,,312615.8775,99.5,71.088,66.216
TKL,2001,,,,72.4259,,,,,,
TKL,2005,,,,73.342,,,,,,
TKL,2010,,,,74.5103,,,,,,
TKL,2015,,,,75.7071,,,,,,
TKL,2020,,,,76.6217,,,,,,
TKM,2001,32494.137,34.034,7.279,65.3246,5228.803,,,99.6,68.993,61.697
TKM,2005,34686.328,47.929,9.487,66.2747,5945.9526,,,99.5,70.183,62.396
TKM,2010,44347.934,59.184,10.636,68.6078,8842.333,,,100.0,71.844,65.185
TKM,2015,51843.977,63.092,10.15,69.0608,13057.83,,,100.0,72.126,65.692
TKM,2020,63923.691,62.905,9.051,68.8457,15791.178,,,100.0,71.928,65.355
TLA,2001,,,,,,,,92.17949511,74.13937419,67.94029539
TLA,2005,,,,,,,,93.39859198,75.51480568,69.4051959
TLA,2010,,,,,,,,95.80892074,76.3646449,70.25794287
TLA,2015,,,,,,,,97.23239205,77.66844731,71.67535451
TLA,2020,,,,,,,,98.10645325,76.47056492,69.86381479
TLS,2001,,0.119,0.146,58.7722,4040.3945,0.35935292,,25.6,60.355,57.314
TLS,2005,801.11,0.321,0.339,61.2717,3265.505,,,33.5,62.917,59.745
TLS,2010,946.762,0.313,0.289,63.6599,4049.185,,,38.0,65.341,62.115
TLS,2015,1772.985,0.59,0.49,65.3262,4469.936,,9414.49,67.3,67.033,63.758
TLS,2020,1961.299,0.646,0.487,66.9191,6598.0347,,21748.14416666667,96.0,68.871,65.136
TMN,2001,,,,,,,,81.99581077,67.75090606,64.31571749
TMN,2005,,,,,,,,84.80546109,68.80878156,64.97581525
TMN,2010,,,,,,,,89.71863642,70.60344204,66.46254269
TMN,2015,,,,,,,,92.77991064,71.64315869,67.03655366
TMN,2020,,,,,,,,95.88885617,71.56852304,66.66211968
TON,2001,3821.959,0.092,0.887,69.7998,5860.0806,,,86.3,73.792,66.299
TON,2005,4922.548,0.114,1.075,70.56,5828.3706,,,89.0,74.469,67.102
TON,2010,4975.566,0.117,1.092,71.3185,5488.7505,,,92.8,75.166,67.881
TON,2015,5327.095,0.106,1.001,71.851,6194.639,0.33521304,,100.0,75.623,68.413
TON,2020,7488.876,0.139,1.317,72.3787,6995.3174,,,99.9,76.077,68.882
TSA,2001,,,,,,,,58.34852132,64.42719612,62.17680706
TSA,2005,,,,,,,,65.85364602,66.5977086,63.77920435
TSA,2010,,,,,,,,74.07657363,69.04180494,65.80043805
TSA,2015,,,,,,,,86.53277846,71.19876368,67.94853757
TSA,2020,,,,,,,,96.40136174,72.19451344,68.68516426
TSS,2001,,,,,,,,26.1606628,53.26504336,50.70516015
TSS,2005,,,,,,,,29.35296297,55.17244939,52.60423193
TSS,2010,,,,,,,,33.33524759,58.62939096,55.57778604
TSS,2015,,,,,,,,39.19965002,61.20922824,57.60271585
TSS,2020,,,,,,,,48.54503895,63.32898464,59.06762251
TTO,2001,95795.609,26.74,20.172,68.8744,20392.883,,,96.3,71.615,66.128
TTO,2005,138485.484,38.205,28.257,70.1847,29574.334,,,95.0,73.223,67.143
TTO,2010,168412.141,47.092,33.961,71.809,35190.215,,,100.0,74.912,68.698
TTO,2015,155082.656,45.534,31.86,72.8817,38951.926,,,100.0,75.903,69.861
TTO,2020,114345.516,35.043,23.661,72.645,30723.404,,,100.0,76.044,69.36
TUN,2001,10003.707,20.261,2.053,72.8219,9380.553,,,97.3,75.281,70.549
TUN,2005,10374.837,22.516,2.196,73.7117,10529.148,0.37733382,,99.2,76.203,71.379
TUN,2010,8215.648,27.9,2.591,74.4376,12458.258,0.38466486,,99.5,76.902,72.095
TUN,2015,9753.919,31.381,2.752,74.8748,12802.761,0.32815883,509232.43083333335,99.9,77.406,72.446
TUN,2020,9381.125,28.845,2.409,75.0035,11955.566,,757969.2283333334,99.9,77.745,72.397
TUR,2001,11841.927,216.872,3.274,72.2711,13718.278,,,99.9,75.689,69.034
TUR,2005,14367.84,267.711,3.861,73.5098,17659.898,0.42614657,,99.7,76.909,70.304
TUR,2010,17085.516,318.71,4.345,74.9642,19564.79,0.3878508,,100.0,78.212,71.903
TUR,2015,19859.248,387.704,4.845,76.5389,25746.432,0.42854458,3529889.481666667,100.0,79.74,73.481
TUR,2020,21161.512,416.328,4.836,76.5255,28378.553,0.4304501,5564035.633333334,100.0,79.887,73.441
TUV,2001,0.0,0.007,0.763,63.709,3705.5923,,,94.8,66.161,61.137
TUV,2005,0.0,0.011,1.103,64.0962,3488.5364,,,95.5,66.763,61.386
TUV,2010,0.0,0.011,1.034,64.834,3506.0603,0.39139032,,96.7,67.787,61.938
TUV,2015,0.0,0.007,0.667,65.3652,4088.7659,,,98.1,68.876,62.148
TUV,2020,0.0,0.011,1.055,66.3567,5154.4595,,,99.4,69.96,63.094
TWN,2001,46945.391,231.431,10.31,76.4775,,,,,,
TWN,2005,52957.633,266.888,11.693,77.133,,0.32179585,,,,
TWN,2010,55741.32,270.718,11.657,79.0363,,0.33213326,,,,
TWN,2015,56650.883,276.264,11.741,79.8786,,,,,,
TWN,2020,54479.328,272.464,11.514,81.1067,,0.31231022,,,,
TZA,2001,428.279,3.041,0.086,54.1243,1899.7454,,,9.7,55.316,52.921
TZA,2005,653.088,5.356,0.137,57.675,2253.0933,,,13.8,59.099,56.228
TZA,2010,742.13,7.194,0.161,61.1266,2654.8035,,,14.8,62.904,59.326
TZA,2015,938.619,12.783,0.246,63.9284,3111.4446,,510378.0741666667,26.2,66.237,61.61
TZA,2020,974.781,15.952,0.262,66.7712,3449.8215,,1217978.9183333332,39.9,69.961,63.667
UGA,2001,299.817,1.417,0.057,50.5761,1516.9642,,,8.6,52.318,48.8
UGA,2005,365.944,2.018,0.072,54.9264,1765.0378,0.42944133,,8.9,56.853,52.929
UGA,2010,514.991,3.57,0.11,59.9593,2244.606,,,12.1,62.081,57.732
UGA,2015,612.357,4.529,0.121,63.8315,2520.02,,145740.66583333333,18.5,66.335,61.206
UGA,2020,613.902,5.571,0.125,66.4098,2678.009,,320803.39999999997,42.1,69.43,63.352
UKR,2001,31826.547,303.876,6.188,67.6754,11379.386,,,99.2,73.52,62.028
UKR,2005,33739.105,313.513,6.588,67.5168,15610.573,0.29020715,,99.9,73.5,61.824
UKR,2010,30715.432,294.366,6.336,70.1883,16811.795,0.24818976,,100.0,75.254,65.021
UKR,2015,21915.717,223.85,4.889,72.6862,15403.71,0.2545754,1112662.6941666666,100.0,77.458,67.651
UKR,2020,20556.229,207.101,4.635,73.2833,17092.54,0.25627363,1611277.5858333334,100.0,78.024,68.348
UMC,2001,,,,,,,,94.84647488,73.8284758,68.51215074
UMC,2005,,,,,,,,95.7242685,75.03807131,69.70429521
UMC,2010,,,,,,,,98.20126832,76.53231934,71.25995084
UMC,2015,,,,,,,,98.99840683,77.95833743,72.519637
UMC,2020,,,,,,,,99.21766388,78.22607887,72.41955552
URY,2001,10399.821,5.041,1.539,74.9865,17986.9,,,97.7,79.124,70.943
URY,2005,10971.153,5.737,1.746,75.8286,18811.32,,,98.0,79.796,71.911
URY,2010,13576.247,6.322,1.905,76.6911,24879.836,0.4447481,,99.3,80.635,72.673
URY,2015,14522.652,6.738,2.001,77.2847,28941.629,0.401286,326033.1925,99.7,81.046,73.381
URY,2020,12850.497,6.477,1.906,78.3811,27788.186,0.40155625,502657.7266666666,100.0,82.015,74.511
USA,2001,91172.07,5903.562,20.767,76.9194,55017.305,0.40594274,,100.0,79.5,74.3
USA,2005,91007.953,6126.903,20.719,77.5264,59604.754,0.41260278,,100.0,80.1,75.0
USA,2010,83435.086,5669.25,18.225,78.6681,59789.414,0.40241358,,100.0,81.0,76.2
USA,2015,78949.211,5368.497,16.461,78.7219,64359.473,0.41455927,54296126.166666664,100.0,81.2,76.3
USA,2020,72562.68,4689.954,13.817,77.0115,67342.07,0.40001062,57795779.583333336,100.0,79.9,74.2
UZB,2001,23760.396,126.223,5.031,65.8532,3509.7285,,,99.6,69.001,62.802
UZB,2005,21309.84,121.602,4.614,67.481,4160.955,,,99.4,70.424,64.604
UZB,2010,18518.699,107.668,3.793,69.8364,5760.805,,,99.6,72.663,67.046
UZB,2015,17566.406,103.374,3.362,71.3298,7529.7637,,714080.415,99.9,74.212,68.489
UZB,2020,16072.546,108.139,3.22,71.4613,8727.411,,1067408.3491666666,100.0,74.462,68.598
VAT,2001,,,,79.8502,,,,,,
VAT,2005,,,,80.6475,,,,,,
VAT,2010,,,,81.5413,,,,,,
VAT,2015,,,,82.4639,,,,,,
VAT,2020,,,,82.986,,,,,,
VCT,2001,6811.221,0.176,1.549,70.3817,10177.81,,,82.4,73.172,67.859
VCT,2005,8620.119,0.22,1.955,70.4538,12320.071,,,86.2,73.306,67.941
VCT,2010,8884.847,0.224,2.032,70.66,13175.723,,,92.7,73.534,68.217
VCT,2015,9019.196,0.234,2.192,70.4626,14523.581,,,99.4,74.283,67.401
VCT,2020,10110.627,0.238,2.3,69.6051,15763.705,,,100.0,74.459,66.055
VEN,2001,32706.381,130.618,5.229,71.0189,,0.47170475,,99.9,75.35,67.019
VEN,2005,31702.916,148.408,5.541,73.0752,,0.49316522,,98.8,76.967,69.378
VEN,2010,33214.418,189.582,6.58,73.0922,,,,99.1,77.362,69.064
VEN,2015,31703.514,166.328,5.44,73.0044,,,5106202.158333333,100.0,77.395,68.871
VEN,2020,18557.854,80.901,2.844,72.3693,,,4017452.4416666664,99.9,76.501,68.459
VGB,2001,21557.238,0.128,6.158,74.8308,,,,97.2,77.354,72.745
VGB,2005,23127.545,0.165,6.959,75.5694,,,,97.6,78.335,73.166
VGB,2010,25862.717,0.213,7.672,76.2892,,,,98.3,79.126,73.713
VGB,2015,21576.398,0.224,6.474,76.5582,,,,100.0,79.391,73.878
VGB,2020,20193.092,0.18,4.831,76.8941,,,,100.0,79.718,74.141
VIR,2001,519317.438,,,72.2175,,,,100.0,80.9,74.5
VIR,2005,612013.5,,,72.2349,57838.098,,,100.0,80.7,74.3
VIR,2010,281641.375,,,73.235,59272.246,,,100.0,81.4,74.5
VIR,2015,120078.031,,,74.3104,42739.082,,,100.0,82.5,75.7
VIR,2020,105808.312,,,74.7137,45055.78,,,100.0,83.2,76.6
VNM,2001,3104.361,60.983,0.782,72.9842,4570.2686,,,88.9,77.673,68.297
VNM,2005,4560.355,95.842,1.182,73.1983,5776.3633,,,96.1,77.951,68.393
VNM,2010,6177.173,139.564,1.596,73.6107,7274.733,0.39252725,,97.4,78.377,68.775
VNM,2015,8731.437,213.391,2.299,73.9554,9248.024,,1559110.0600000003,99.3,78.7,69.147
VNM,2020,12527.926,362.599,3.697,75.3832,11851.396,0.36790165,2172244.8916666666,99.8,80.314,70.366
VUT,2001,2227.157,0.081,0.422,68.722,3148.3347,,,24.0,71.332,67.192
VUT,2005,1819.392,0.073,0.348,69.1656,3089.437,,,31.0,71.624,67.62
VUT,2010,2811.818,0.125,0.523,69.5703,3359.8496,0.37351298,,44.1,72.455,67.552
VUT,2015,2524.21,0.132,0.496,70.1632,3357.639,,21257.34009166667,52.3,72.851,68.214
VUT,2020,3631.496,0.205,0.687,70.3845,3259.9954,,14383.485833333332,67.3,73.245,68.198
WLD,2001,,,,,,,,78.71524322,70.38241862,65.65698411
WLD,2005,,,,,,,,80.70133108,71.59317807,66.78403764
WLD,2010,,,,,,,,83.4471383,73.15683813,68.35076983
WLD,2015,,,,,,,,86.92426297,74.46227109,69.60769041
WLD,2020,,,,,,,,90.39608828,74.84563261,69.69386511
WLF,2001,,0.026,1.718,75.6448,,,,,,
WLF,2005,,0.026,1.753,76.1412,,,,,,
WLF,2010,,0.026,1.945,76.8087,,,,,,
WLF,2015,,0.026,2.105,77.4504,,,,,,
WLF,2020,,0.029,2.518,78.1637,,,,,,
WSM,2001,4891.373,0.154,0.84,71.0284,4941.115,,,88.7,74.141,68.277
WSM,2005,5213.728,0.172,0.921,71.4868,5914.8896,,,91.1,74.415,68.848
WSM,2010,6053.947,0.187,0.968,71.4512,6427.3115,,,96.4,74.118,69.0
WSM,2015,6698.424,0.227,1.126,71.0599,6432.36,,1182.5416666666667,98.2,73.231,69.029
WSM,2020,6424.697,0.234,1.106,70.7265,6745.306,,3784.0383333333334,100.0,72.881,68.757
XKX,2001,,,,,,,,,73.788,69.767
XKX,2005,,,,,,,,,75.297,71.564
XKX,2010,,,,,,,,,76.946,72.326
XKX,2015,,,,,,,,,78.306,73.742
XKX,2020,,,,,,,,,76.635,71.865
YEM,2001,3199.462,17.194,0.85,63.2864,,,,50.4,65.098,61.461
YEM,2005,3654.454,21.797,0.956,65.3561,,0.34732336,,54.8,67.234,63.466
YEM,2010,3727.737,25.818,0.965,67.223,,,,60.8,69.143,65.308
YEM,2015,1674.844,14.123,0.453,66.7613,,,343697.6016666666,67.4,69.708,63.985
YEM,2020,918.667,10.757,0.298,66.4354,,,759078.2108333333,73.9,69.805,63.33
ZAF,2001,25049.77,371.602,7.812,57.1607,11401.431,,,70.2,59.491,54.583
ZAF,2005,26254.229,416.205,8.41,53.9142,12877.307,0.64761883,,80.8,55.465,52.088
ZAF,2010,27968.605,467.353,8.928,58.8863,14182.334,0.6338256,,82.8,61.237,56.197
ZAF,2015,24952.904,457.473,8.065,64.0532,14559.475,,2300186.1416666666,85.3,67.027,60.802
ZAF,2020,23110.025,435.298,7.188,65.1502,13266.786,,3523427.6999999997,90.0,67.948,62.174
ZMB,2001,1418.8,1.886,0.183,47.4077,2268.9697,,,20.2,48.105,46.645
ZMB,2005,1537.171,2.243,0.191,51.6147,2564.4756,,,23.3,52.115,51.029
ZMB,2010,1352.331,3.121,0.223,56.896,3266.5076,0.520122,,22.0,58.195,55.479
ZMB,2015,1732.005,5.522,0.337,60.7284,3576.9255,0.5584075,401192.615,31.1,62.83,58.545
ZMB,2020,2019.733,9.991,0.524,63.3607,3391.5955,,912510.9,44.6,65.953,60.731
ZWE,2001,4088.395,12.509,1.045,44.5249,4102.0835,,,34.2,45.127,43.997
ZWE,2005,3325.67,10.698,0.857,46.5701,2642.1724,,,36.1,47.005,46.198
ZWE,2010,2653.343,8.754,0.655,51.9252,2563.4783,,,38.9,52.655,51.197
ZWE,2015,3187.202,12.017,0.835,58.9895,3366.6338,,220600.045,33.7,60.49,57.33
ZWE,2020,2163.075,8.491,0.547,61.53,2987.2683,,485062.1241666667,52.7,63.747,59.091
